CTPS Code,CTPS Name,Customer Code,Domestic/International
010000, KETTLEHOUSE BREWING MT,537692,DOMESTIC
011075,VALLE REDONDO,497213,INTERNATIONAL
010001,10 BARREL BREWING,533085,DOMESTIC
010298,COCA COLA MOBILE,514159,DOMESTIC
010298,COCA COLA MOBILE,194520,DOMESTIC
010002,12 GATE BREWING,491575,DOMESTIC
010300,COCA COLA MONTGOMERY,503847,DOMESTIC
010300,COCA COLA MONTGOMERY,194781,DOMESTIC
010003,14ER BREWING,543507,DOMESTIC
010003,14ER BREWING,501041,DOMESTIC
010798,PEPSI CHEVERLY,30795,DOMESTIC
010581,KALIL BOTTLING TUCSON,35721,DOMESTIC
010581,KALIL BOTTLING TUCSON,31131,DOMESTIC
010581,KALIL BOTTLING TUCSON,505623,DOMESTIC
010004,1911 CIDER HOUSE,481932,DOMESTIC
010209,CAROLINA BEVERAGE,479461,DOMESTIC
010209,CAROLINA BEVERAGE,349958,DOMESTIC
010209,CAROLINA BEVERAGE,496739,DOMESTIC
010209,CAROLINA BEVERAGE,34999,DOMESTIC
010209,CAROLINA BEVERAGE,38199,DOMESTIC
010209,CAROLINA BEVERAGE,38738,DOMESTIC
010209,CAROLINA BEVERAGE,30138,DOMESTIC
010209,CAROLINA BEVERAGE,493280,DOMESTIC
010005,2 SP BREWING,485685,DOMESTIC
010957,SIERRA NEVADA MILLS RIVER,406502,DOMESTIC
010006,21ST AMENDMENT BREWERY SAN FRANCISCO,527671,DOMESTIC
010006,21ST AMENDMENT BREWERY SAN FRANCISCO,483743,DOMESTIC
010006,21ST AMENDMENT BREWERY SAN FRANCISCO,536569,DOMESTIC
010006,21ST AMENDMENT BREWERY SAN FRANCISCO,524411,DOMESTIC
010006,21ST AMENDMENT BREWERY SAN FRANCISCO,594937,DOMESTIC
010812,PEPSI PHOENIX,499235,DOMESTIC
010314,COCA COLA SANDSTON,485124,DOMESTIC
010072,AZPACK CANNING,207116,DOMESTIC
010072,AZPACK CANNING,164371,DOMESTIC
010072,AZPACK CANNING,479795,DOMESTIC
010072,AZPACK CANNING,537449,DOMESTIC
010072,AZPACK CANNING,518504,DOMESTIC
010072,AZPACK CANNING,447988,DOMESTIC
010072,AZPACK CANNING,297625,DOMESTIC
010072,AZPACK CANNING,365712,DOMESTIC
010072,AZPACK CANNING,209162,DOMESTIC
010072,AZPACK CANNING,455013,DOMESTIC
010072,AZPACK CANNING,517472,DOMESTIC
010072,AZPACK CANNING,483920,DOMESTIC
010072,AZPACK CANNING,517341,DOMESTIC
010072,AZPACK CANNING,508664,DOMESTIC
010072,AZPACK CANNING,553254,DOMESTIC
010072,AZPACK CANNING,539137,DOMESTIC
010072,AZPACK CANNING,541860,DOMESTIC
010072,AZPACK CANNING,536964,DOMESTIC
010072,AZPACK CANNING,508736,DOMESTIC
010072,AZPACK CANNING,519030,DOMESTIC
010072,AZPACK CANNING,490880,DOMESTIC
010072,AZPACK CANNING,505586,DOMESTIC
010072,AZPACK CANNING,529764,DOMESTIC
010072,AZPACK CANNING,141680,DOMESTIC
010072,AZPACK CANNING,555006,DOMESTIC
010072,AZPACK CANNING,551187,DOMESTIC
010072,AZPACK CANNING,537721,DOMESTIC
010072,AZPACK CANNING,532171,DOMESTIC
010072,AZPACK CANNING,547233,DOMESTIC
010072,AZPACK CANNING,554484,DOMESTIC
010020,ABITA BREWING,64899,DOMESTIC
010266,COCA COLA BALTIMORE,486274,DOMESTIC
010007,3 DAUGHTERS BREWING,358731,DOMESTIC
010309,COCA COLA RICHMOND,540162,DOMESTIC
010310,COCA COLA RICHMOND,497011,DOMESTIC
010310,COCA COLA RICHMOND,506562,DOMESTIC
010008,4 HANDS BREWING COMPANY,538767,DOMESTIC
010040,AMERICAS TECATE,497900,INTERNATIONAL
010009,4 NOSES BREWING,404507,DOMESTIC
010027,ALCHEMY CANNING,439187,DOMESTIC
010027,ALCHEMY CANNING,491372,DOMESTIC
010027,ALCHEMY CANNING,553262,DOMESTIC
010010,638 BREWING DBA FOOTHILLS,308769,DOMESTIC
010102,BEACHWOOD BREWING,538513,DOMESTIC
010011,903 BREWERS,470168,DOMESTIC
011048,TRILLIUM BREWING CANTON,492439,DOMESTIC
011048,TRILLIUM BREWING CANTON,496165,DOMESTIC
010012,A LA FUT,524269,INTERNATIONAL
010699,MODERN TIMES BEER,519540,DOMESTIC
010699,MODERN TIMES BEER,537529,DOMESTIC
010699,MODERN TIMES BEER,539145,DOMESTIC
010013,A SUNDOWN ENTERPRISE PHOENIX,498953,DOMESTIC
010282,COCA COLA DOWNEY,233402,DOMESTIC
010282,COCA COLA DOWNEY,512727,DOMESTIC
010282,COCA COLA DOWNEY,515637,DOMESTIC
010014,AB CARTERSVILLE,30357,
010671,MASS BAY BREWING BOSTON,187266,DOMESTIC
010015,AB COLUMBUS,30234,
010284,COCA COLA EAST HARTFORD,518643,DOMESTIC
010284,COCA COLA EAST HARTFORD,89851,DOMESTIC
010284,COCA COLA EAST HARTFORD,513105,DOMESTIC
010016,AB JACKSONVILLE,30365,
010295,COCA COLA LONDONDERRY,518660,DOMESTIC
010295,COCA COLA LONDONDERRY,32387,DOMESTIC
010017,AB MERRIMACK,30314,
010400,DOGFISH HEAD CRAFT BREWERY,491129,DOMESTIC
010400,DOGFISH HEAD CRAFT BREWERY,549976,DOMESTIC
010400,DOGFISH HEAD CRAFT BREWERY,515565,DOMESTIC
010018,AB WILLIAMSBURG,30226,
010123,BERNER FOODS FREEPORT,407943,DOMESTIC
010123,BERNER FOODS FREEPORT,41427,DOMESTIC
010123,BERNER FOODS FREEPORT,528243,DOMESTIC
010123,BERNER FOODS FREEPORT,512250,DOMESTIC
010123,BERNER FOODS FREEPORT,40133,DOMESTIC
010123,BERNER FOODS FREEPORT,37663,DOMESTIC
010123,BERNER FOODS FREEPORT,551574,DOMESTIC
010123,BERNER FOODS FREEPORT,552551,DOMESTIC
010123,BERNER FOODS FREEPORT,549191,DOMESTIC
010123,BERNER FOODS FREEPORT,39925,DOMESTIC
010123,BERNER FOODS FREEPORT,514212,DOMESTIC
010123,BERNER FOODS FREEPORT,551558,DOMESTIC
010123,BERNER FOODS FREEPORT,37639,DOMESTIC
010019,ABBOTT STURGIS,5124304,DOMESTIC
010066,ATLANTIC BOTTLING,497740,DOMESTIC
010066,ATLANTIC BOTTLING,545967,DOMESTIC
010267,COCA COLA BATON ROUGE,503855,DOMESTIC
010021,ACE HILL BEER EAST YORK,509982,DOMESTIC
010169,BRECKENRIDGE BREWERY,468931,DOMESTIC
010169,BRECKENRIDGE BREWERY,533253,DOMESTIC
010169,BRECKENRIDGE BREWERY,493861,DOMESTIC
010022,AGA SA DE,554433,DOMESTIC
010068,AUMAKUA HOLDINGS,548842,DOMESTIC
010068,AUMAKUA HOLDINGS,41380,DOMESTIC
010023,AGAINST THE GRAIN,450386,DOMESTIC
010296,COCA COLA MCALLEN,505981,DOMESTIC
010296,COCA COLA MCALLEN,546732,DOMESTIC
010296,COCA COLA MCALLEN,42526,DOMESTIC
010024,AJEMEX HUEJOTZINGO,497475,DOMESTIC
010024,AJEMEX HUEJOTZINGO,497459,DOMESTIC
010302,COCA COLA NACODOCHES,505990,DOMESTIC
010281,COCA COLA DENVER,515320,DOMESTIC
010281,COCA COLA DENVER,543427,DOMESTIC
010281,COCA COLA DENVER,514677,DOMESTIC
010025,ALASKA TRAFFIC,510001,DOMESTIC
010312,COCA COLA SAN ANTONIO,506001,DOMESTIC
010312,COCA COLA SAN ANTONIO,32504,DOMESTIC
010026,ALCHEMY AND SCIENCE,481086,DOMESTIC
010026,ALCHEMY AND SCIENCE,525780,DOMESTIC
010781,OSKAR BLUES LONGMONT,494071,DOMESTIC
010817,PEPSI TAMPA,30808,DOMESTIC
010306,COCA COLA ORLANDO,503687,DOMESTIC
010224,CAWY MIAMI,31878,DOMESTIC
010289,COCA COLA HOLLYWOOD,503695,DOMESTIC
010028,ALFA PAPER PRODUCTS,191661,DOMESTIC
010251,CIGAR CITY BREWING,494063,DOMESTIC
010251,CIGAR CITY BREWING,494055,DOMESTIC
010029,ALL NIGHT LONG WINDSOR,519241,DOMESTIC
010949,SHASTA MIAMI,37014,DOMESTIC
010030,ALLAGASH BREWING,522618,DOMESTIC
010030,ALLAGASH BREWING,556244,DOMESTIC
010279,COCA COLA COLLEGE PARK,506546,DOMESTIC
010279,COCA COLA COLLEGE PARK,446619,DOMESTIC
010279,COCA COLA COLLEGE PARK,44619,DOMESTIC
010683,MILLERCOORS ALBANY,37065,DOMESTIC
010031,ALLAN COMPANY BALDWIN PARK,519911,INTERNATIONAL
011001,SWEETWATER BREWING,286053,DOMESTIC
010032,ALTO SYSTEMS,543128,DOMESTIC
010290,COCA COLA HONULULU,499809,DOMESTIC
010290,COCA COLA HONULULU,545941,DOMESTIC
010033,AMERICAN CANNING AUSTIN,521412,DOMESTIC
010033,AMERICAN CANNING AUSTIN,524541,DOMESTIC
010033,AMERICAN CANNING AUSTIN,538476,DOMESTIC
010033,AMERICAN CANNING AUSTIN,556279,DOMESTIC
010033,AMERICAN CANNING AUSTIN,552753,DOMESTIC
010033,AMERICAN CANNING AUSTIN,586873,DOMESTIC
010033,AMERICAN CANNING AUSTIN,591736,DOMESTIC
010088,BALL BEVERAGE PKG HEINEKEN,494186,INTERNATIONAL
010276,COCA COLA CHESTERMAN,497109,DOMESTIC
010276,COCA COLA CHESTERMAN,546003,DOMESTIC
010288,COCA COLA FRUITLAND,32475,DOMESTIC
010288,COCA COLA FRUITLAND,543419,DOMESTIC
010288,COCA COLA FRUITLAND,66536,DOMESTIC
010090,BALL BEVERAGE PKG RECKLINGHAUSEN,525712,INTERNATIONAL
011128,WISPAK WATERTOWN,35861,DOMESTIC
010292,COCA COLA INDIANAPOLIS,506116,DOMESTIC
011126,WISPAK NORFOLK,487859,DOMESTIC
011126,WISPAK NORFOLK,533683,DOMESTIC
011126,WISPAK NORFOLK,40150,DOMESTIC
010034,AMERICAN CANNING PORTLAND,526547,DOMESTIC
010035,AMERICAN METALS COMPANY,500275,DOMESTIC
010303,COCA COLA NASHVILLE,41099,DOMESTIC
010036,AMERICAS GUADALAJARA,485950,INTERNATIONAL
010770,OMNILIFE MANUFACTURA,497264,INTERNATIONAL
010037,AMERICAS MEOQUI,518521,INTERNATIONAL
010278,COCA COLA CLEVELAND,509000,DOMESTIC
010278,COCA COLA CLEVELAND,32571,DOMESTIC
010038,AMERICAS MONTERREY,485634,INTERNATIONAL
010315,COCA COLA ST CLOUD,497707,DOMESTIC
010315,COCA COLA ST CLOUD,545924,DOMESTIC
010039,AMERICAS ORIZABA,497897,INTERNATIONAL
010283,COCA COLA EAGAN,512735,DOMESTIC
010283,COCA COLA EAGAN,497117,DOMESTIC
010041,AMERICAS TOLUCA,504356,INTERNATIONAL
010795,PEPSI BURNSVILLE,74456,DOMESTIC
010042,ARIZONA BEVERAGE/AMERIPEC,493950,
010042,ARIZONA BEVERAGE/AMERIPEC,499446,
010816,PEPSI ST LAURENT,39685,DOMESTIC
010694,MOBILE CANNING DOWNINGTON,529852,DOMESTIC
010694,MOBILE CANNING DOWNINGTON,522933,DOMESTIC
010694,MOBILE CANNING DOWNINGTON,543726,DOMESTIC
010043,AMSTERDAM BREWERY,511370,DOMESTIC
010685,MILLERCOORS FT WORTH,37111,DOMESTIC
010044,ANCHOR BREWING SAN FRANCISCO,524429,DOMESTIC
010044,ANCHOR BREWING SAN FRANCISCO,343206,DOMESTIC
010270,COCA COLA BISMARK,497723,DOMESTIC
010270,COCA COLA BISMARK,545983,DOMESTIC
010301,COCA COLA MOORESTOWN,513931,DOMESTIC
010301,COCA COLA MOORESTOWN,512292,DOMESTIC
010045,ANDERSON CRAFT ALES,488245,DOMESTIC
010045,ANDERSON CRAFT ALES,533229,DOMESTIC
010186,BROWNING HARVEY,30111,DOMESTIC
010286,COCA COLA ELMSFORD,513949,DOMESTIC
010286,COCA COLA ELMSFORD,553289,DOMESTIC
010286,COCA COLA ELMSFORD,32555,DOMESTIC
010046,ANDERSON VALLEY ACQUISITION BOONVILLE,462766,DOMESTIC
010182,BROOKLYN BOTTLING,547129,DOMESTIC
010182,BROOKLYN BOTTLING,48215,DOMESTIC
010182,BROOKLYN BOTTLING,32150,DOMESTIC
010182,BROOKLYN BOTTLING,558266,DOMESTIC
010182,BROOKLYN BOTTLING,554898,DOMESTIC
010047,ANDREW PELLER,552374,DOMESTIC
010204,CAMPBELL NAPOLEON,30630,DOMESTIC
010204,CAMPBELL NAPOLEON,30648,DOMESTIC
010048,ANGEL CITY BREWERY,541528,DOMESTIC
010277,COCA COLA CINCINNATI,499083,DOMESTIC
010049,ANSA MCAL TRADING MIAMI,31190,DOMESTIC
010305,COCA COLA OKLAHOMA CITY,527161,DOMESTIC
010305,COCA COLA OKLAHOMA CITY,34825,DOMESTIC
010050,APPALACHIAN FOREST HERBS,522888,DOMESTIC
010961,SLEEMAN GUELPH,38560,DOMESTIC
010051,ARCHER ROOSE NAPLES,531821,DOMESTIC
010287,COCA COLA FORT WORTH,506036,DOMESTIC
010052,ARCHIBALD RUE NOLIN,491090,DOMESTIC
010320,COCA COLA WESTON,540226,DOMESTIC
010320,COCA COLA WESTON,42286,DOMESTIC
010320,COCA COLA WESTON,540197,DOMESTIC
010320,COCA COLA WESTON,34972,DOMESTIC
010055,ARISTOS,534230,DOMESTIC
010606,LABATT LA SALLE,35801,DOMESTIC
010606,LABATT LA SALLE,49453,DOMESTIC
010606,LABATT LA SALLE,586081,DOMESTIC
010606,LABATT LA SALLE,551179,DOMESTIC
010056,ARIZONA BEVERAGE LA JUGUERA,547137,INTERNATIONAL
010294,COCA COLA LACHINE,540171,DOMESTIC
010294,COCA COLA LACHINE,32441,DOMESTIC
010057,ARIZONA BEVERAGE MEXICALI,523282,INTERNATIONAL
010257,CITY BREWING LATROBE,32221,DOMESTIC
010257,CITY BREWING LATROBE,229497,DOMESTIC
010257,CITY BREWING LATROBE,211895,DOMESTIC
010257,CITY BREWING LATROBE,59416,DOMESTIC
010257,CITY BREWING LATROBE,498339,DOMESTIC
010058,ARIZONA BEVERAGE TULPETLAC,523291,INTERNATIONAL
010058,ARIZONA BEVERAGE TULPETLAC,498312,INTERNATIONAL
011137,YUENGLING POTTSVILLE,39491,DOMESTIC
011137,YUENGLING POTTSVILLE,39511,DOMESTIC
010225,CAYMAN ISLANDS BREWERY,31376,INTERNATIONAL
010059,ARROWHEAD BREWING,453667,DOMESTIC
010602,LA CONSTANCIA LIMITADA,524314,INTERNATIONAL
010060,ARTERRA WINES NIAGARA,542264,DOMESTIC
010060,ARTERRA WINES NIAGARA,572682,DOMESTIC
010060,ARTERRA WINES NIAGARA,572691,DOMESTIC
010269,COCA COLA BELLVUE,503994,DOMESTIC
010269,COCA COLA BELLVUE,543451,DOMESTIC
010269,COCA COLA BELLVUE,497125,DOMESTIC
010275,COCA COLA CHATTANOOGA,503863,DOMESTIC
010275,COCA COLA CHATTANOOGA,38674,DOMESTIC
010285,COCA COLA EL PASO,506044,DOMESTIC
010061,ARTERRA WINES OLIVER,537238,DOMESTIC
010291,COCA COLA HOUSTON,505973,DOMESTIC
010291,COCA COLA HOUSTON,573984,DOMESTIC
010062,ARTERRA WINES OSOYOOS,546863,DOMESTIC
010311,COCA COLA SALT LAKE CITY,32467,DOMESTIC
010311,COCA COLA SALT LAKE CITY,543401,DOMESTIC
010063,ASHEVILLE BREWING,70691,DOMESTIC
010811,PEPSI NEWPORT NEWS,30744,DOMESTIC
010064,ASPEN BREWING,481844,DOMESTIC
010321,COCA COLA WILSONVILLE,506520,DOMESTIC
010321,COCA COLA WILSONVILLE,543443,DOMESTIC
010065,ATLANTIC BEACH BREWING,519401,DOMESTIC
010596,KOOCHENVAGNER BREWING RICHMOND,512823,DOMESTIC
010621,LAWSONS FINEST LIQUIDS WAITSFIELD,547743,DOMESTIC
010404,DPSG LOUISVILLE,514634,DOMESTIC
010404,DPSG LOUISVILLE,481916,DOMESTIC
010067,ATLAS METAL & IRON CORP,348980,DOMESTIC
010841,PORTLAND BOTTLING,531291,DOMESTIC
010841,PORTLAND BOTTLING,349966,DOMESTIC
010841,PORTLAND BOTTLING,38172,DOMESTIC
010841,PORTLAND BOTTLING,133735,DOMESTIC
010841,PORTLAND BOTTLING,34948,DOMESTIC
010841,PORTLAND BOTTLING,405702,DOMESTIC
010841,PORTLAND BOTTLING,587761,DOMESTIC
010841,PORTLAND BOTTLING,58851,DOMESTIC
010841,PORTLAND BOTTLING,30576,DOMESTIC
010841,PORTLAND BOTTLING,38797,DOMESTIC
010841,PORTLAND BOTTLING,529932,DOMESTIC
010841,PORTLAND BOTTLING,30031,DOMESTIC
010841,PORTLAND BOTTLING,387188,DOMESTIC
010841,PORTLAND BOTTLING,553609,DOMESTIC
010841,PORTLAND BOTTLING,554880,DOMESTIC
010841,PORTLAND BOTTLING,37621,DOMESTIC
010841,PORTLAND BOTTLING,578128,DOMESTIC
010841,PORTLAND BOTTLING,585782,DOMESTIC
010925,SAFEWAY RICHMOND,38316,DOMESTIC
010925,SAFEWAY RICHMOND,533771,DOMESTIC
010801,PEPSI FRESNO,42665,DOMESTIC
010069,AUSTIN BREWERY,486098,DOMESTIC
010347,COULOMBE QUEBEC,30015,DOMESTIC
010070,AVERY BREWING NAUTILUS,450845,DOMESTIC
010528,HIGH FALLS BREWING ROCHESTER,34382,DOMESTIC
010528,HIGH FALLS BREWING ROCHESTER,34307,DOMESTIC
010528,HIGH FALLS BREWING ROCHESTER,42243,DOMESTIC
010071,AVIATOR BREWING,498574,DOMESTIC
010756,O-AT-KA,35027,DOMESTIC
010756,O-AT-KA,36724,DOMESTIC
010756,O-AT-KA,32192,DOMESTIC
010756,O-AT-KA,38762,DOMESTIC
010756,O-AT-KA,547760,DOMESTIC
010385,DESCHUTES BREWERY SHEVLIN-HIXON,480825,DOMESTIC
010406,DPSG MODESTO,38121,DOMESTIC
010406,DPSG MODESTO,34260,DOMESTIC
010406,DPSG MODESTO,453122,DOMESTIC
010406,DPSG MODESTO,539946,DOMESTIC
010406,DPSG MODESTO,523936,DOMESTIC
010406,DPSG MODESTO,526686,DOMESTIC
010406,DPSG MODESTO,524584,DOMESTIC
010406,DPSG MODESTO,519494,DOMESTIC
010406,DPSG MODESTO,38439,DOMESTIC
010406,DPSG MODESTO,257308,DOMESTIC
010406,DPSG MODESTO,539170,DOMESTIC
010410,DPSG WILLIAMSON,39132,DOMESTIC
010415,DUVEL MOORTGAT,523661,DOMESTIC
010863,QUINN BORCHARDT BREW,526213,DOMESTIC
011086,VICTORY PACKAGING JESSUP,554960,DOMESTIC
010434,EPIC BREWING COMPANY ONEIDA,504348,DOMESTIC
010436,EPIC ENTERPRISES,33734,DOMESTIC
010436,EPIC ENTERPRISES,53575,DOMESTIC
010436,EPIC ENTERPRISES,535064,DOMESTIC
010446,FAT HEAD'S BREWING,539903,DOMESTIC
010470,FOUNDERS BREWING,251686,DOMESTIC
010470,FOUNDERS BREWING,579104,DOMESTIC
010496,GRAIN TO GREEN,213639,DOMESTIC
010522,HAWAIIAN SUN HONOLULU,35107,DOMESTIC
010536,HONOLULU BEERWORKS,506132,DOMESTIC
010922,SAFEWAY BELLEVUE,38308,DOMESTIC
011057,TURNING POINT BREWERY,503206,DOMESTIC
011057,TURNING POINT BREWERY,510220,DOMESTIC
011057,TURNING POINT BREWERY,583470,DOMESTIC
010595,KOMBUCHA BRIDGEPORT DIST,244929,DOMESTIC
010595,KOMBUCHA BRIDGEPORT DIST,531303,DOMESTIC
010599,KT MURRAY GRAND RAPIDS,323002,DOMESTIC
010799,PEPSI CHICAGO BCS,37292,DOMESTIC
011127,WISPAK QUINCY,39378,DOMESTIC
010662,MAISON DES FUTAILLES MONTREAL,522378,DOMESTIC
010662,MAISON DES FUTAILLES MONTREAL,525704,DOMESTIC
010674,MATT BREWING,538783,DOMESTIC
010674,MATT BREWING,34315,DOMESTIC
010675,MCKENZIE RIVER HOP VALLEY EUGENE,506175,DOMESTIC
010675,MCKENZIE RIVER HOP VALLEY EUGENE,245171,DOMESTIC
010686,MILLERCOORS GOLDEN,37129,DOMESTIC
010688,MILLERCOORS MILWAUKEE,37090,DOMESTIC
010688,MILLERCOORS MILWAUKEE,526758,DOMESTIC
010689,MILLERCOORS TRENTON,37073,DOMESTIC
010693,MOBILE CANNING CROSSPOINT II,553035,DOMESTIC
010697,MOBILE CANNING SONOMA,539858,DOMESTIC
010815,PEPSI SPRINGFIELD,38703,DOMESTIC
010815,PEPSI SPRINGFIELD,518192,DOMESTIC
010815,PEPSI SPRINGFIELD,546302,DOMESTIC
010967,SOLEMN OATH BREWING,479103,DOMESTIC
010804,PEPSI HONOLULU,30672,DOMESTIC
010073,BA BREWMASTER,480446,DOMESTIC
010808,PEPSI MISSISSAUGA,39669,DOMESTIC
010074,BACK EAST BREWING,250763,DOMESTIC
010819,PEPSI TUMWATER,30699,DOMESTIC
010075,BACK FORTY BEER,542002,DOMESTIC
010075,BACK FORTY BEER,300151,DOMESTIC
011095,WAIKIKI BREWING,491321,INTERNATIONAL
011095,WAIKIKI BREWING,517966,INTERNATIONAL
010824,PERRIN BREWING,479841,DOMESTIC
010076,BACK PEW BREWING,496755,DOMESTIC
011062,UINTA BREWING,205583,DOMESTIC
010077,BAD BEAT BREWING,543136,DOMESTIC
011013,TELLURIDE BREWING,223571,DOMESTIC
010078,BAD SEED CIDER,483217,DOMESTIC
010980,SQUATTERS & WASATCH BREW,483882,DOMESTIC
010079,BAHAMAS RIVIERA BEACH,31211,DOMESTIC
010079,BAHAMAS RIVIERA BEACH,37372,DOMESTIC
010079,BAHAMAS RIVIERA BEACH,34016,DOMESTIC
010851,PRI-PAK,37671,DOMESTIC
010851,PRI-PAK,30146,DOMESTIC
010851,PRI-PAK,40985,DOMESTIC
010851,PRI-PAK,519427,DOMESTIC
010851,PRI-PAK,324742,DOMESTIC
010851,PRI-PAK,36521,DOMESTIC
010851,PRI-PAK,455697,DOMESTIC
010851,PRI-PAK,511062,DOMESTIC
010851,PRI-PAK,403774,DOMESTIC
010851,PRI-PAK,465756,DOMESTIC
010851,PRI-PAK,37444,DOMESTIC
010851,PRI-PAK,96129,DOMESTIC
010851,PRI-PAK,42198,DOMESTIC
010851,PRI-PAK,497029,DOMESTIC
010923,SAFEWAY DENVER,38287,DOMESTIC
010926,SAINT ARCHER BREWING SAN DIEGO,506183,DOMESTIC
010926,SAINT ARCHER BREWING SAN DIEGO,317041,DOMESTIC
010081,BAKFISH BREWING AUSTIN,542395,
010947,SHASTA HOUSTON,331651,DOMESTIC
010082,BALCONES RECYCLING,511804,DOMESTIC
010948,SHASTA LA MIRADA,36951,DOMESTIC
010083,BALE BREAKER BREWING,212863,DOMESTIC
011063,UNCLE BEARS BREWERY GILBERT,530036,DOMESTIC
010084,BALL BEV CAN SOUTH AMERICA,500566,INTERNATIONAL
010687,MILLERCOORS IRWINDALE,37102,DOMESTIC
010085,BALL BEVERAGE MEXICO,55550132,
010962,SLEEMAN OKANAGAN,38551,DOMESTIC
010962,SLEEMAN OKANAGAN,483612,DOMESTIC
010086,BALL BEVERAGE PKG AUSTRIA,547073,INTERNATIONAL
010541,HOWE SOUND BREWING,479648,DOMESTIC
010541,HOWE SOUND BREWING,42622,DOMESTIC
010087,BALL BEVERAGE PKG CHILE,511409,INTERNATIONAL
010324,COLD SPRING BREWING,552235,DOMESTIC
010324,COLD SPRING BREWING,34551,DOMESTIC
010324,COLD SPRING BREWING,38148,DOMESTIC
010324,COLD SPRING BREWING,229198,DOMESTIC
010324,COLD SPRING BREWING,34921,DOMESTIC
010324,COLD SPRING BREWING,352049,DOMESTIC
010324,COLD SPRING BREWING,549351,DOMESTIC
010324,COLD SPRING BREWING,42251,DOMESTIC
010324,COLD SPRING BREWING,517077,DOMESTIC
010324,COLD SPRING BREWING,550601,DOMESTIC
010324,COLD SPRING BREWING,500144,DOMESTIC
010324,COLD SPRING BREWING,31931,DOMESTIC
010324,COLD SPRING BREWING,34622,DOMESTIC
010324,COLD SPRING BREWING,537457,DOMESTIC
010324,COLD SPRING BREWING,519363,DOMESTIC
010324,COLD SPRING BREWING,480462,DOMESTIC
010324,COLD SPRING BREWING,559883,DOMESTIC
010324,COLD SPRING BREWING,570759,DOMESTIC
011020,TEXAS QUALITY BEVERAGE,368016,DOMESTIC
011020,TEXAS QUALITY BEVERAGE,356592,DOMESTIC
011020,TEXAS QUALITY BEVERAGE,367030,DOMESTIC
010089,BALL BEVERAGE PKG LENINGRADSKAYA,499180,INTERNATIONAL
010373,CUTWATER SPIRITS,500291,DOMESTIC
010979,SPOETZL BREWERY SHINER,511311,DOMESTIC
010091,BALL BEVERAGE PKG TETEGHEM,543021,INTERNATIONAL
010263,COCA COLA ABILENE,506010,DOMESTIC
010263,COCA COLA ABILENE,32336,DOMESTIC
010092,BALL BEVERAGE PKG TURKEY,502414,DOMESTIC
010899,REVOLVER BREWING GRANBURY,519419,DOMESTIC
010093,BALL BEVERAGE PKG WORTH AM RHEIN,523071,INTERNATIONAL
010589,KENNAMETAL HENDERSON,35748,DOMESTIC
010094,BALL ENVASES DE ALUMINIO,502431,INTERNATIONAL
010583,KARBACH BREWING,390723,DOMESTIC
010095,BALL FORT WORTH,55550194,
010886,REFRESCO TAMPA,542053,DOMESTIC
010886,REFRESCO TAMPA,362917,DOMESTIC
010886,REFRESCO TAMPA,550037,DOMESTIC
010096,BALLAST POINT BREW,517851,
010822,PEPSI WICHITA,30867,DOMESTIC
010097,BALLAST POINT SPIRITS,480201,DOMESTIC
010170,BREVARD,209912,DOMESTIC
010098,BANKS BREWERIES,297650,INTERNATIONAL
010607,LABATT LONDON,550459,DOMESTIC
010099,BAXTER BREWING,448411,DOMESTIC
010099,BAXTER BREWING,467866,DOMESTIC
010748,NORCAL SACRAMENTO,36695,DOMESTIC
010748,NORCAL SACRAMENTO,511652,DOMESTIC
010748,NORCAL SACRAMENTO,479816,DOMESTIC
010748,NORCAL SACRAMENTO,538863,DOMESTIC
010748,NORCAL SACRAMENTO,57146,DOMESTIC
010748,NORCAL SACRAMENTO,576801,DOMESTIC
010100,FULL SAIL MARKETING ,497601,DOMESTIC
010100,FULL SAIL MARKETING ,534627,DOMESTIC
010100,FULL SAIL MARKETING ,539372,DOMESTIC
010100,FULL SAIL MARKETING ,498101,DOMESTIC
010100,FULL SAIL MARKETING ,588019,DOMESTIC
010956,SIERRA NEVADA BREWING,68267,DOMESTIC
010956,SIERRA NEVADA BREWING,515258,DOMESTIC
010408,DPSG SACRAMENTO,85497,DOMESTIC
010408,DPSG SACRAMENTO,514642,DOMESTIC
010408,DPSG SACRAMENTO,35086,DOMESTIC
010408,DPSG SACRAMENTO,496499,DOMESTIC
010537,HOP KNOT BREWING,307299,DOMESTIC
010537,HOP KNOT BREWING,369300,DOMESTIC
010722,NESTLE WATERS ONTARIO,534969,DOMESTIC
010316,COCA COLA TEMPE,511871,DOMESTIC
010316,COCA COLA TEMPE,543435,DOMESTIC
010508,GREEN FLASH BREWING,501745,DOMESTIC
010508,GREEN FLASH BREWING,559082,DOMESTIC
010103,BEARPAW AMERICAN FAST FREIGHT,546775,DOMESTIC
010155,BLUES CITY,500136,DOMESTIC
010155,BLUES CITY,546564,DOMESTIC
010155,BLUES CITY,148347,DOMESTIC
010155,BLUES CITY,517069,DOMESTIC
010155,BLUES CITY,324195,DOMESTIC
010155,BLUES CITY,30584,DOMESTIC
010155,BLUES CITY,488042,DOMESTIC
010155,BLUES CITY,38201,DOMESTIC
010155,BLUES CITY,35191,DOMESTIC
010155,BLUES CITY,186343,DOMESTIC
010155,BLUES CITY,177287,DOMESTIC
010104,BEARPAW RIVER BREWING,513181,DOMESTIC
010609,LAGERSMITH ST PAUL,551072,DOMESTIC
010609,LAGERSMITH ST PAUL,500152,DOMESTIC
010609,LAGERSMITH ST PAUL,496940,DOMESTIC
010609,LAGERSMITH ST PAUL,508980,DOMESTIC
010105,BEAVER ST BREWING,496704,DOMESTIC
010820,PEPSI URBANDALE,497045,DOMESTIC
010106,BEBIDAS TRADICIONALES CHANEQUE S DE RL,563233,INTERNATIONAL
010107,BELLEVUE BEVERAGE,519371,DOMESTIC
010108,BELLS BREWERY,321605,DOMESTIC
010108,BELLS BREWERY,491111,DOMESTIC
010789,PAYETTE BREWING,162915,DOMESTIC
010803,PEPSI HAYWARD,30816,DOMESTIC
010109,BELVAC PRODUCTION MACHINERY,47968,
010348,COUNTERWEIGHT BREWING,501067,DOMESTIC
010110,BENCH BREWING BEAMSVILLE,522474,DOMESTIC
010154,BLUE POINT BREWING,532453,DOMESTIC
010111,BENCH BREWING PROLOGIX DST,543937,DOMESTIC
010254,CITIZEN CIDER BURLINGTON,501075,DOMESTIC
010254,CITIZEN CIDER BURLINGTON,538054,DOMESTIC
010112,BENT WATER BREWING,518328,DOMESTIC
010540,HORSESHOE BEVERAGE NEENAH,541552,DOMESTIC
010540,HORSESHOE BEVERAGE NEENAH,535021,DOMESTIC
010540,HORSESHOE BEVERAGE NEENAH,527689,DOMESTIC
010540,HORSESHOE BEVERAGE NEENAH,518299,DOMESTIC
010540,HORSESHOE BEVERAGE NEENAH,555946,DOMESTIC
010540,HORSESHOE BEVERAGE NEENAH,581132,DOMESTIC
010113,BERKSHIRE BREWING,485693,
010179,BROCK STREET BREWING,496026,DOMESTIC
010114,BERLIN PACKAGING ATLANTA,492480,DOMESTIC
010271,COCA COLA BRAMPTON,540200,DOMESTIC
010271,COCA COLA BRAMPTON,32459,DOMESTIC
010115,BERLIN PACKAGING BUFFALO,532007,DOMESTIC
010876,REDWOOD DISTRIBUTION,525341,INTERNATIONAL
010116,BERLIN PACKAGING COLUMBUS,531979,DOMESTIC
010167,BRASSEURS SANS GLUTEN,277739,DOMESTIC
010117,BERLIN PACKAGING CRANBURY,499008,DOMESTIC
011061,TWO ROADS BREWING,532630,DOMESTIC
011061,TWO ROADS BREWING,525333,DOMESTIC
011061,TWO ROADS BREWING,371709,DOMESTIC
011061,TWO ROADS BREWING,276795,DOMESTIC
011061,TWO ROADS BREWING,501171,DOMESTIC
011061,TWO ROADS BREWING,264399,DOMESTIC
011061,TWO ROADS BREWING,242376,DOMESTIC
011061,TWO ROADS BREWING,543304,DOMESTIC
010118,BERLIN PACKAGING FAIRFIELD,564834,DOMESTIC
010119,BERLIN PACKAGING HOUSTON,71777735,
011022,THIRD SPACE BREWING,511492,DOMESTIC
010120,BERLIN PACKAGING PHOENIX,520313,
010121,BERLIN PACKAGING SAN ANTONIO,533536,DOMESTIC
010870,RC BEVERAGE EVANSVILLE,542408,DOMESTIC
010122,BERLIN PACKAGING/DES MOINES,537537,
010760,ODELL BREWING,517085,DOMESTIC
010760,ODELL BREWING,404267,DOMESTIC
010714,MTN VIEW BREW LEXINGTON,524980,DOMESTIC
010714,MTN VIEW BREW LEXINGTON,481254,DOMESTIC
010714,MTN VIEW BREW LEXINGTON,565407,DOMESTIC
010888,REFRESCO WALLA WALLA,560905,DOMESTIC
010888,REFRESCO WALLA WALLA,556666,DOMESTIC
010888,REFRESCO WALLA WALLA,555049,DOMESTIC
010888,REFRESCO WALLA WALLA,578611,DOMESTIC
010684,MILLERCOORS CHIPPEWA FALLS,35959,DOMESTIC
010629,MOLSON/LES BRASSERIES MONTREAL,30533,DOMESTIC
011103,WELCH FOOD NORTHEAST,39319,DOMESTIC
010920,RUSSELL BREWING,31421,DOMESTIC
010800,PEPSI DELTA,39642,DOMESTIC
010230,CENTRAL CITY BREWERS SURREY,280559,DOMESTIC
010825,PERSEPHONE BREWING,403758,DOMESTIC
010618,LASSONDE PAPPAS HENDERSONVILLE/Moutain Home,550483,DOMESTIC
010618,LASSONDE PAPPAS HENDERSONVILLE/Moutain Home,32299,DOMESTIC
010618,LASSONDE PAPPAS HENDERSONVILLE/Moutain Home,207870,DOMESTIC
010124,BEV ASSOC TEMPLE,33540,DOMESTIC
010598,KRIER FOODS,35781,DOMESTIC
010598,KRIER FOODS,511581,DOMESTIC
010598,KRIER FOODS,524533,DOMESTIC
010598,KRIER FOODS,33371,DOMESTIC
010598,KRIER FOODS,481078,DOMESTIC
010598,KRIER FOODS,441316,DOMESTIC
010598,KRIER FOODS,535591,DOMESTIC
010598,KRIER FOODS,533341,DOMESTIC
010598,KRIER FOODS,526601,DOMESTIC
010598,KRIER FOODS,548279,DOMESTIC
010598,KRIER FOODS,446627,DOMESTIC
010598,KRIER FOODS,53065,DOMESTIC
010598,KRIER FOODS,30605,DOMESTIC
010598,KRIER FOODS,38826,DOMESTIC
010598,KRIER FOODS,34981,DOMESTIC
010598,KRIER FOODS,35772,DOMESTIC
010598,KRIER FOODS,33161,DOMESTIC
010598,KRIER FOODS,515354,DOMESTIC
010598,KRIER FOODS,570994,DOMESTIC
010125,BEV HUB,549221,DOMESTIC
010378,DAIRY FARMERS OF AMERICA CABOOL,36231,DOMESTIC
010378,DAIRY FARMERS OF AMERICA CABOOL,35019,DOMESTIC
010378,DAIRY FARMERS OF AMERICA CABOOL,543700,DOMESTIC
010378,DAIRY FARMERS OF AMERICA CABOOL,246633,DOMESTIC
010378,DAIRY FARMERS OF AMERICA CABOOL,328031,DOMESTIC
010378,DAIRY FARMERS OF AMERICA CABOOL,538126,DOMESTIC
010378,DAIRY FARMERS OF AMERICA CABOOL,218421,DOMESTIC
010126,BEVSOURCE EAU CLAIRE WI,552420,DOMESTIC
010126,BEVSOURCE EAU CLAIRE WI,496000,DOMESTIC
010646,LORD HOBO BREWING,450853,DOMESTIC
010728,NEW GLORY CRAFT BREWERY,522061,DOMESTIC
010127,BEVSOURCE EFFERVESCENT TEA QC,552251,DOMESTIC
010879,REFRESCO FT GIBSON,514618,DOMESTIC
010879,REFRESCO FT GIBSON,523178,DOMESTIC
010879,REFRESCO FT GIBSON,42948,DOMESTIC
010879,REFRESCO FT GIBSON,525376,DOMESTIC
010879,REFRESCO FT GIBSON,39327,DOMESTIC
010879,REFRESCO FT GIBSON,37452,DOMESTIC
010879,REFRESCO FT GIBSON,525771,DOMESTIC
010879,REFRESCO FT GIBSON,527582,DOMESTIC
010879,REFRESCO FT GIBSON,84929,DOMESTIC
010879,REFRESCO FT GIBSON,499884,DOMESTIC
010879,REFRESCO FT GIBSON,533624,DOMESTIC
010879,REFRESCO FT GIBSON,586312,DOMESTIC
010128,BEVSOURCE ENTREPOT EXTERNE LAFRANCE MONTREAL,548771,DOMESTIC
011002,SWITCHBACK BREWING,525683,DOMESTIC
010129,BEVSOURCE WESTERN SON DISTILLERY,555065,DOMESTIC
011138,YUENGLING TAMPA,39503,DOMESTIC
010130,BEYOND TRADING ARIZONA PRODUCTION,217082,
010805,PEPSI INDIANAPOLIS,37321,DOMESTIC
010131,BIAGI BROS,506722,DOMESTIC
010131,BIAGI BROS,498831,DOMESTIC
010131,BIAGI BROS,574071,DOMESTIC
010147,BLACKROCKS BREWERY,286045,DOMESTIC
010330,COMERCIALIZADORA ELORO MEXICALI,497416,INTERNATIONAL
010132,BIBBY DISTRIBUTION,557802,INTERNATIONAL
010695,MOBILE CANNING LONGMONT,529713,DOMESTIC
010695,MOBILE CANNING LONGMONT,504065,DOMESTIC
010695,MOBILE CANNING LONGMONT,89543,DOMESTIC
010695,MOBILE CANNING LONGMONT,506853,DOMESTIC
010695,MOBILE CANNING LONGMONT,526416,DOMESTIC
010133,BIERERIE SHELTON,508752,DOMESTIC
010917,ROYAL PACKAGING MISSOURI,371346,DOMESTIC
010917,ROYAL PACKAGING MISSOURI,576721,DOMESTIC
010134,BIG BEND BREWERY,243483,
010992,SUMMIT BREWING,501391,DOMESTIC
010992,SUMMIT BREWING,496561,DOMESTIC
010135,BIG CAN SUPPLIERS AUSTRALIA,493415,DOMESTIC
010337,COMPANIA CERVECERA DE ZACATECAS,497838,INTERNATIONAL
010136,BIG CHOICE BREWING,481799,
010236,CERVECERIA CUAUHTEMOC MOCTEZUMA MEOQUI,518512,INTERNATIONAL
010137,BIG DITCH BREWING,493909,DOMESTIC
010866,RAINMAKER CIDER,498136,DOMESTIC
010138,BIG SPRUCE,551144,DOMESTIC
010139,BIG TOP BREWING,362597,DOMESTIC
010319,COCA COLA UNION BEVERAGE,514626,DOMESTIC
010319,COCA COLA UNION BEVERAGE,463152,DOMESTIC
010140,BIRDSONG BREWING DAVIDSON,482759,DOMESTIC
010792,PEPSI ATLANTA,30947,DOMESTIC
010141,BISHOP CIDER IRVING,490994,DOMESTIC
010293,COCA COLA JACKSONVILLE,503679,DOMESTIC
010142,BK-BUSKE DISTRIBUTION,55550250,
010313,COCA COLA SAN LEANDRO,524218,DOMESTIC
010313,COCA COLA SAN LEANDRO,620600,DOMESTIC
010143,BLACK FLY BEVERAGE LONDON,537502,DOMESTIC
010143,BLACK FLY BEVERAGE LONDON,530870,DOMESTIC
010639,LIVE OAK BREWING,481123,DOMESTIC
010299,COCA COLA MONTERRREY,520188,INTERNATIONAL
010144,BLACK HOG BREWING,413083,DOMESTIC
010458,FIRESTONE WALKER PASO ROBLES,541974,DOMESTIC
010458,FIRESTONE WALKER PASO ROBLES,315601,DOMESTIC
010145,BLACK MAGIC BEVERAGES SEATTLE,509966,DOMESTIC
011029,TIETON CIDER WORKS,439064,DOMESTIC
010146,BLACKEYE ROASTING,543558,DOMESTIC
011081,VICTORY BREWING PARKESBURG,417762,DOMESTIC
010970,SOUTHERN TIER BREWING STONEMAN,483532,DOMESTIC
010148,BLAKE FARMS HARD APPLE CIDER,449254,DOMESTIC
010534,HOME BREW MART DALEVILLE,510975,DOMESTIC
010149,BLINDMAN BREWING,482610,DOMESTIC
010150,BLOCK 15 BREWING,476949,
010692,MOBILE CANNING,553369,DOMESTIC
010151,BLUE CHIP GROUP,556033,DOMESTIC
010151,BLUE CHIP GROUP,563567,DOMESTIC
010151,BLUE CHIP GROUP,586072,DOMESTIC
010927,SAINT ARNOLD BREWING HOUSTON,431100,DOMESTIC
010927,SAINT ARNOLD BREWING HOUSTON,388658,DOMESTIC
010235,CERVECERIA CUAUHTEMOC MOCTEZUMA,491671,INTERNATIONAL
011124,WISPAK FLAGSTAFF,497037,DOMESTIC
010152,BLUE MARBLE PRODUCTIONS,506773,DOMESTIC
010152,BLUE MARBLE PRODUCTIONS,549950,DOMESTIC
010152,BLUE MARBLE PRODUCTIONS,549010,DOMESTIC
010998,SURLY BREWING ST PAUL,285413,DOMESTIC
010338,COMPANIA CERVECERA DEL TROPICO,500486,INTERNATIONAL
010153,BLUE MOUNTAIN BARREL HOUSE,357958,DOMESTIC
010797,PEPSI CHARLOTTESVILLE,507901,DOMESTIC
010990,STOWE CIDER,492631,DOMESTIC
010678,MENAUD DISTILLERY & BREWERY,518740,DOMESTIC
010268,COCA COLA BEDFORD HEIGHTS,523979,DOMESTIC
010268,COCA COLA BEDFORD HEIGHTS,41056,DOMESTIC
010567,ITO EN HONOLULU,35529,DOMESTIC
010960,SKA BREWING,229711,DOMESTIC
010847,PRECEPT BRANDS WALLA WALLA,499112,DOMESTIC
010996,SUNSHINE BOTTLING,38463,DOMESTIC
010174,BREW HUB LLC,418301,DOMESTIC
010174,BREW HUB LLC,546311,DOMESTIC
010818,PEPSI TOLEDO,37268,DOMESTIC
010818,PEPSI TOLEDO,527435,DOMESTIC
010156,BMBCC CONROE,55550156,
010157,BOISE RIVER CANNING/HARTMAN WHSE,496042,DOMESTIC
010158,BOLD CITY BREWERY JACKSONVILLE,245454,DOMESTIC
010963,SLEEPING GIANT,520621,DOMESTIC
010963,SLEEPING GIANT,466038,DOMESTIC
010963,SLEEPING GIANT,443881,DOMESTIC
010963,SLEEPING GIANT,527638,DOMESTIC
010963,SLEEPING GIANT,509309,DOMESTIC
010963,SLEEPING GIANT,433025,DOMESTIC
010963,SLEEPING GIANT,434360,DOMESTIC
010963,SLEEPING GIANT,490847,DOMESTIC
010963,SLEEPING GIANT,535443,DOMESTIC
010963,SLEEPING GIANT,433797,DOMESTIC
010963,SLEEPING GIANT,502490,DOMESTIC
010963,SLEEPING GIANT,504057,DOMESTIC
010963,SLEEPING GIANT,512170,DOMESTIC
010963,SLEEPING GIANT,559875,DOMESTIC
010963,SLEEPING GIANT,555428,DOMESTIC
010159,BONFIRE BREWING EAGLE,198491,DOMESTIC
010533,HOME BREW MART CARROLL,492156,DOMESTIC
010160,BOOCHERY,549183,DOMESTIC
010342,CONSTELLATION BRANDS BALLAST POINT,542459,DOMESTIC
010161,BOOTH BREWING,519865,DOMESTIC
010698,MOBILE CANNING WINDSOR,523127,DOMESTIC
010162,BOSTON BEER,39546,DOMESTIC
010162,BOSTON BEER,211924,DOMESTIC
010162,BOSTON BEER,567576,DOMESTIC
010162,BOSTON BEER,248974,DOMESTIC
010788,PARKSIDE BREWERY,488026,DOMESTIC
010898,REVOLUTION BREWING,500241,DOMESTIC
010898,REVOLUTION BREWING,413403,DOMESTIC
010482,GALVESTON ISLAND BREWING,543515,DOMESTIC
010482,GALVESTON ISLAND BREWING,508541,DOMESTIC
010163,BOUL CHOQUETT,535267,
010164,BOULDER BEER,167134,DOMESTIC
011067,UNION WINE TUALATIN,515485,DOMESTIC
010165,BOULEVARD BREWING,444744,DOMESTIC
010597,KOOCHENVAGNER BREWING VISTA,523952,DOMESTIC
010318,COCA COLA TRUESDALE,439785,DOMESTIC
010168,BRAXTON BREWING,478848,DOMESTIC
010168,BRAXTON BREWING,497580,DOMESTIC
010550,INDEED BREWING,496253,DOMESTIC
010550,INDEED BREWING,496261,DOMESTIC
010550,INDEED BREWING,498128,DOMESTIC
010241,CERVECERIA OCHO OCTAVOS,527363,INTERNATIONAL
010894,REID BENSON MORTIMER,544649,INTERNATIONAL
011078,VERMONT HARD CIDER BRANDON,537772,DOMESTIC
010552,INDIAN PEAKS BREWING,493239,DOMESTIC
010552,INDIAN PEAKS BREWING,577926,DOMESTIC
010171,BREVARD BREWING RAILYARD,531805,DOMESTIC
010175,BREWDOG BREWING,506255,DOMESTIC
010172,BREW BUS BREWING,493335,DOMESTIC
010172,BREW BUS BREWING,534301,DOMESTIC
010840,PORT BREWING,503311,DOMESTIC
010198,BUTTERNUT BEER & ALE,31325,DOMESTIC
010198,BUTTERNUT BEER & ALE,508816,DOMESTIC
010198,BUTTERNUT BEER & ALE,552809,DOMESTIC
010173,BREW DETROIT,345017,DOMESTIC
010173,BREW DETROIT,547217,DOMESTIC
010173,BREW DETROIT,529545,DOMESTIC
010902,RICKER HILL ORCHARDS,393385,DOMESTIC
011044,TRANSPORT FERNAND,539461,DOMESTIC
010572,JCL LOGISTICS-AUSTRIA2,556957,INTERNATIONAL
011083,VICTORY PACKAGING BELLINGHAM,540592,DOMESTIC
010205,CAN VAN,111051,DOMESTIC
010745,NOEL CANNING,543398,DOMESTIC
010745,NOEL CANNING,547751,DOMESTIC
010745,NOEL CANNING,543081,DOMESTIC
010745,NOEL CANNING,538530,DOMESTIC
010745,NOEL CANNING,552219,DOMESTIC
010745,NOEL CANNING,501657,DOMESTIC
010745,NOEL CANNING,565546,DOMESTIC
010745,NOEL CANNING,543347,DOMESTIC
010176,BREWERY OMMEGANG,524138,DOMESTIC
010176,BREWERY OMMEGANG,567322,DOMESTIC
010335,COMMUNITY BEER,491209,DOMESTIC
010177,BRIDGE BREWING,551161,DOMESTIC
010383,DEEP ELLUM DALLAS,533456,DOMESTIC
010383,DEEP ELLUM DALLAS,533464,DOMESTIC
010178,BRISTOL BREWING DENVER,508875,DOMESTIC
010388,DESTIHL BREWERY,499753,DOMESTIC
010388,DESTIHL BREWERY,567234,DOMESTIC
010554,INDUSTRIA ENVASADORA DE QUERETARO,522010,INTERNATIONAL
010180,BRONCO WINE CERES,550070,DOMESTIC
010420,EDDYLINE BREWING BUENA VISTA,154114,DOMESTIC
010181,BRONX BREWERY,357931,DOMESTIC
010181,BRONX BREWERY,535700,DOMESTIC
010731,NEW IMAGE BREWING,537043,DOMESTIC
011070,UPSLOPE BREWING,257834,DOMESTIC
010661,MAGIC HAT BREWING,474038,DOMESTIC
010272,COCA COLA CALGARY,540154,DOMESTIC
010272,COCA COLA CALGARY,32580,DOMESTIC
010183,BROUE ALLIANCE,217461,DOMESTIC
010184,BROUWERIJ NAC ARUBA,30971,INTERNATIONAL
010543,HUTTON & SMITH BREWING,511433,DOMESTIC
010185,BROUWERIJ NACIONAL,39191,INTERNATIONAL
010359,CRASIAN BREWING,526619,DOMESTIC
010384,DENVER BEER PRODUCTION,357421,DOMESTIC
010187,BROWNS BREWING,506677,DOMESTIC
010502,GREAT DIVIDE BREWING,399269,DOMESTIC
010188,BRUNSWICK BIERWORKS,536104,DOMESTIC
010389,DEVOTO-WADE LLC,483461,DOMESTIC
010189,BRUT BOTTLING,563516,DOMESTIC
010721,NELSON BREWING,31667,DOMESTIC
010190,BRYGGHUS 19,541931,INTERNATIONAL
010343,COOP ALE WORKS,270422,DOMESTIC
010343,COOP ALE WORKS,505906,DOMESTIC
010191,BUCKLE DOWN BREWING,483399,DOMESTIC
010256,CITY BREWING LACROSSE,32213,DOMESTIC
010256,CITY BREWING LACROSSE,35908,DOMESTIC
010256,CITY BREWING LACROSSE,469386,DOMESTIC
010256,CITY BREWING LACROSSE,238369,DOMESTIC
010256,CITY BREWING LACROSSE,500267,DOMESTIC
010256,CITY BREWING LACROSSE,500232,DOMESTIC
010256,CITY BREWING LACROSSE,47108,DOMESTIC
010256,CITY BREWING LACROSSE,507848,DOMESTIC
010256,CITY BREWING LACROSSE,541595,DOMESTIC
010256,CITY BREWING LACROSSE,38164,DOMESTIC
010256,CITY BREWING LACROSSE,547321,DOMESTIC
010256,CITY BREWING LACROSSE,574021,DOMESTIC
010192,BUFFALO BAYOU BREWING,488229,DOMESTIC
010665,MANKATO BREWING,507135,DOMESTIC
010193,BUFFALO ROCK BIRMINGHAM,61090,DOMESTIC
010193,BUFFALO ROCK BIRMINGHAM,39562,DOMESTIC
011131,WTD HOLDINGS ALPHARETTA,509122,DOMESTIC
010194,BUILDING 8 BREWING,464745,DOMESTIC
010547,IDEAL SLEEVES,524373,DOMESTIC
010195,BULL AND GOAT BREWERY,533245,
010965,SMITH RIVER BREW,535030,DOMESTIC
010196,BULL FALLS BREWERY WAUSAU,478792,DOMESTIC
010349,CRAFT BEER CREW SPRINGHILL,512313,DOMESTIC
010349,CRAFT BEER CREW SPRINGHILL,194255,DOMESTIC
010197,BURLEY OAK BREWING,488069,DOMESTIC
010869,RB DWYER,542230,DOMESTIC
010869,RB DWYER,500339,DOMESTIC
010869,RB DWYER,518109,DOMESTIC
010869,RB DWYER,518483,DOMESTIC
010869,RB DWYER,527451,DOMESTIC
010869,RB DWYER,483073,DOMESTIC
010746,NORCAL ANAHEIM,482231,DOMESTIC
010746,NORCAL ANAHEIM,531186,DOMESTIC
010746,NORCAL ANAHEIM,507442,DOMESTIC
010491,GOLDEN GLOBE GOODS,527275,DOMESTIC
011085,VICTORY PACKAGING DAYTON,537369,DOMESTIC
010199,BUZZBALLZ,160506,DOMESTIC
010493,GOOD CITY BREWING MILWAUKEE,520250,DOMESTIC
010200,CAHABA BREWING,519216,DOMESTIC
010459,FIRST MAGNITUDE BREWING,458054,DOMESTIC
010201,CALDERA BREWING,538994,DOMESTIC
010201,CALDERA BREWING,483559,DOMESTIC
010202,CALIFORNIA MICROBRW,499913,DOMESTIC
010704,MOTHER ROAD BREWING,492375,DOMESTIC
010704,MOTHER ROAD BREWING,501083,DOMESTIC
010203,CALVERT BREWING,514669,
010796,PEPSI CALGARY,31114,DOMESTIC
010328,COLUMBIA CREST,539233,DOMESTIC
010418,EAST COAST CRUSH,543013,DOMESTIC
010776,ORORA PACKAGING SOLUTIONS LANDSBERG,550862,DOMESTIC
010776,ORORA PACKAGING SOLUTIONS LANDSBERG,550854,DOMESTIC
010206,CAND AID FOUNDATION,514562,DOMESTIC
011104,WELDWERKS BREWING,503142,DOMESTIC
010207,CANMORE BREWING,499358,DOMESTIC
010924,SAFEWAY NORWALK,500321,DOMESTIC
010924,SAFEWAY NORWALK,38295,DOMESTIC
010924,SAFEWAY NORWALK,35001,DOMESTIC
010208,CAPTAIN LAWRENCE BREWING,482193,DOMESTIC
010208,CAPTAIN LAWRENCE BREWING,518176,DOMESTIC
010740,NIGHT SHIFT BREWING,482003,DOMESTIC
011041,TOPPLING GOLIATH BREWING DECORAH,512479,DOMESTIC
011087,VICTORY PACKAGING LIVERPOOL,540621,DOMESTIC
010505,GREAT RAFT BREWING,307264,DOMESTIC
011099,WE SLEEVE IT INDIANA,543697,DOMESTIC
010379,DANIELS,531514,DOMESTIC
011110,WESTERN WYOMING BEVERAGE,548375,DOMESTIC
010937,SCHILLING CIDER,483364,DOMESTIC
010586,KDP SACRAMENTO,542301,DOMESTIC
010577,JF HILLEBRAND,511441,DOMESTIC
010210,CAROLINA BREWING,378767,DOMESTIC
010329,COMEBACK BREWING BERKELEY,496835,DOMESTIC
010211,CAROLINA CANNERS,550811,DOMESTIC
010211,CAROLINA CANNERS,551321,DOMESTIC
010488,GLACIAL TILL VINEYARD & WINERY BENNET,502457,DOMESTIC
010357,CRAFT COAST CANING RICHIBUCTO,543953,DOMESTIC
010212,CAROLINE BEVERAGE GROUP,346790,DOMESTIC
010213,CARPENTERS,496034,
010727,NEW GLARUS BREWING,483313,DOMESTIC
010214,CASCADES TRANSIT MONTREAL,537844,DOMESTIC
010214,CASCADES TRANSIT MONTREAL,535638,DOMESTIC
010395,DISTRIBUIDORA LA FLORIDA S A,559429,INTERNATIONAL
010333,COMMONWEALTH BREWERY BAHAMAS,43035,DOMESTIC
010215,CASK RAPID ASCENT,553799,DOMESTIC
010467,FORT HILL BREWERY,418108,DOMESTIC
010216,CASK/18TH STREET BREWERY,408241,DOMESTIC
010403,DPSG JACKSONVILLE,531696,DOMESTIC
010403,DPSG JACKSONVILLE,478653,DOMESTIC
010403,DPSG JACKSONVILLE,194116,DOMESTIC
010403,DPSG JACKSONVILLE,38130,DOMESTIC
010403,DPSG JACKSONVILLE,446969,DOMESTIC
010217,CASK/BRASSERIE,492720,DOMESTIC
010726,NEW ENGLAND USD,31296,DOMESTIC
010218,CASK/BRASSERIE VROODEN,532365,INTERNATIONAL
010219,CASK/CALGARY USD SHIPPING,478389,DOMESTIC
010220,CASK/CROOKED STAVE ARTISAN BEER PROJECT,518993,DOMESTIC
010642,LONE TREE BREWING,344495,DOMESTIC
010221,CASK/WABASSO DISTILLERY INC,557423,DOMESTIC
011055,TURKS HEAD,31288,INTERNATIONAL
010222,CASTORO CELLARS SAN MIGUEL,528649,
010222,CASTORO CELLARS SAN MIGUEL,538468,
010464,FLORIDA BREWERY AUBENDALE,33902,DOMESTIC
010223,CATORCE CERO UNO,542037,INTERNATIONAL
010494,GOOD PEOPLE BREWING,43625,DOMESTIC
010571,JAVO,498814,DOMESTIC
010226,CELIS BREWERY AUSTIN,528260,DOMESTIC
010226,CELIS BREWERY AUSTIN,547241,DOMESTIC
010255,CITRUS WORLD,40045,DOMESTIC
010512,GREY SAIL BREWING,315301,DOMESTIC
010227,CELIS BREWING,561959,DOMESTIC
010865,RAHR & SONS BREWING,485503,DOMESTIC
010228,CENTRAL 28,467840,DOMESTIC
010472,FOUR DAUGHTERS,496309,DOMESTIC
010229,CENTRAL CIRCLE MCKINNEY,546628,DOMESTIC
010643,LONERIDER BREWING RALEIGH,491760,DOMESTIC
010644,LONERIDER SPIRITS,553422,DOMESTIC
010231,CENTRAL VALLEY CRAFT BREW,485600,DOMESTIC
010231,CENTRAL VALLEY CRAFT BREW,485618,DOMESTIC
010568,JACKIE OS/STATE STREET,336727,DOMESTIC
011094,WACHUSETT BREWING,482716,DOMESTIC
010232,CERVECERIA BAJAMURI PACIFICO,517721,INTERNATIONAL
010838,POLAR SCOTIA,542352,DOMESTIC
010233,CERVECERIA CENTRO AMERICANA,358011,INTERNATIONAL
010234,CERVECERIA CUAUHTEMOC MOC GUADALAJARA,498232,INTERNATIONAL
010323,COFFIN RIDGE BOUTIQUE WINERY,537289,DOMESTIC
011028,THREE WEAVERS BREWING,533632,DOMESTIC
011028,THREE WEAVERS BREWING,506482,DOMESTIC
011122,WISE ACRE BREWING,283101,DOMESTIC
011122,WISE ACRE BREWING,496763,DOMESTIC
010237,CERVECERIA CUAUHTEMOC MOCTEZUMA TECATE,497846,INTERNATIONAL
010634,LIFT BRIDGE BREWING TECHNOLOGIES STILLWATER,522731,DOMESTIC
010238,CERVECERIA CUAUHTEMOC MOCTEZUMA TOLUCA,512962,INTERNATIONAL
011100,WE SLEEVE IT LACEY,524349,DOMESTIC
011100,WE SLEEVE IT LACEY,527460,DOMESTIC
011100,WE SLEEVE IT LACEY,543380,DOMESTIC
010239,CERVECERIA MODELO AMPLIACION GRANADA,502246,INTERNATIONAL
010240,CERVECERIA MODELO DE TORREON,500048,INTERNATIONAL
010340,CONCRETE BEACH BREWERY,531194,DOMESTIC
010814,PEPSI SACRAMENTO,30779,DOMESTIC
010242,CERVECERIA OLAS ALTAS,554978,INTERNATIONAL
010560,INTUITION ALE WORKS,105419,DOMESTIC
010560,INTUITION ALE WORKS,518678,DOMESTIC
010243,CERVECERIA POPULAR SA DE CV,549239,INTERNATIONAL
011000,SWAMP HEAD BREWERY,442263,DOMESTIC
010244,CHILD TRUCK LINE,523063,
010244,CHILD TRUCK LINE,513615,
010425,ELEVATION BEER,503986,DOMESTIC
010587,KDP VERNON,542441,DOMESTIC
010245,CHRISTIAN GEORGE JIMEN,543902,INTERNATIONAL
010345,CORONADO BREWING SAN DIEGO,482601,DOMESTIC
010246,CHRISTOPHER MICHAEL BRANDS,550897,DOMESTIC
010959,SINGLE SPEED,527611,DOMESTIC
010247,CHURCH BREWING CO,536315,DOMESTIC
010248,CIDRE CO,500531,DOMESTIC
010855,PRODUCTOS FRUTI FRESK DE ARANDAS JALISCO,557626,INTERNATIONAL
010249,CIDRERIE MCKEOWN,503513,DOMESTIC
010877,REFRESCO CALGARY,540488,DOMESTIC
010877,REFRESCO CALGARY,170801,DOMESTIC
010250,CIDRERIE MICHEL,522520,DOMESTIC
010344,COPPERTAIL BREWING,547575,DOMESTIC
010463,FLORIDA BEER CAPE CANAVERAL,539022,DOMESTIC
010252,CIH INTERNATIONAL NAVA,552104,INTERNATIONAL
010252,CIH INTERNATIONAL NAVA,498110,INTERNATIONAL
010253,CIH INTERNATIONAL OBREGON,509641,DOMESTIC
010253,CIH INTERNATIONAL OBREGON,552112,DOMESTIC
010253,CIH INTERNATIONAL OBREGON,501542,DOMESTIC
010253,CIH INTERNATIONAL OBREGON,573474,DOMESTIC
010720,NEILS THOMPSON,395701,DOMESTIC
010995,SUNRIVER BREWING,483014,DOMESTIC
011143,ZUCKERMAN HONICKMAN KING OF PRUSSIA,38818,DOMESTIC
010462,FLO WATER/PROUD SOURCE WATER,560180,DOMESTIC
010462,FLO WATER/PROUD SOURCE WATER,501278,DOMESTIC
011060,TWO BROTHERS BREWING,432444,DOMESTIC
011101,WE SLEEVE IT MARIETTA,524365,DOMESTIC
010718,NAKED TREE CELLARS,481043,DOMESTIC
011007,TAMARAC BREWING,248161,DOMESTIC
010527,HERETIC BREWING,434600,DOMESTIC
010527,HERETIC BREWING,434589,DOMESTIC
010495,GOOSE ISLAND BEER,550061,DOMESTIC
010736,NEWBURY BREWING,226181,DOMESTIC
010846,POWER BRANDS CONSULTING LOS ANGELES,555022,DOMESTIC
010908,RIVER BARREL BREWING,483989,DOMESTIC
011090,VISIONARY LABELS & PACK ANAHEIM,527814,DOMESTIC
011090,VISIONARY LABELS & PACK ANAHEIM,533430,DOMESTIC
011090,VISIONARY LABELS & PACK ANAHEIM,547735,DOMESTIC
010985,STILLWATER BREWING,498558,DOMESTIC
010784,PAC PARTNERS,503732,DOMESTIC
010984,STEM CIDERS,484789,DOMESTIC
011107,WEST SIXTH BREWING,291469,DOMESTIC
010758,OCTOPI BREWING,514554,DOMESTIC
010758,OCTOPI BREWING,575162,DOMESTIC
010538,HOP TEA,548113,DOMESTIC
010857,PROPS CRAFT BREWERY,441324,DOMESTIC
010857,PROPS CRAFT BREWERY,498806,DOMESTIC
010591,KEWEENAW BREWING,496430,DOMESTIC
010539,HOPWORKS URBAN BREWERY,149593,DOMESTIC
010258,CLASSIC CITY CANNING,543734,DOMESTIC
010259,CLEARWATER GEAR,551603,DOMESTIC
010914,ROLLING BOIL DILLION,511943,DOMESTIC
010260,CLICK DISTRIBUTION,496350,
010531,HIGHLAND BREWING COMPANY,484341,DOMESTIC
010261,CLINTONS DITCH,32301,DOMESTIC
010261,CLINTONS DITCH,523320,DOMESTIC
010262,COAL HARBOR BREWING,183417,DOMESTIC
010709,MOTORWORKS BREWING,470192,DOMESTIC
010588,KEEL & CURLEY WINERY,396236,DOMESTIC
010413,DRY DOCK BREWING,200539,DOMESTIC
010264,COCA COLA ALBANIA,505674,INTERNATIONAL
010360,CRAZY MOUNTAIN BREWING,503020,DOMESTIC
010360,CRAZY MOUNTAIN BREWING,42737,DOMESTIC
010360,CRAZY MOUNTAIN BREWING,244937,DOMESTIC
010360,CRAZY MOUNTAIN BREWING,537326,DOMESTIC
010265,COCA COLA AMERICAN CANYON,43158,DOMESTIC
011136,YUBA CITY RMS,38931,DOMESTIC
010551,INDEPENDENT BREWERS,503361,DOMESTIC
010551,INDEPENDENT BREWERS,555233,DOMESTIC
010603,LA CUMBRE BREWING,152961,INTERNATIONAL
011015,TEN PIN BREWING,485870,DOMESTIC
010412,DRAUGHT WORKS,500427,DOMESTIC
010989,STORMALONG CIDER LEOMINSTER,492519,DOMESTIC
010989,STORMALONG CIDER LEOMINSTER,492501,DOMESTIC
010871,REALEREVIVAL BREWING,445561,DOMESTIC
010871,REALEREVIVAL BREWING,499032,DOMESTIC
010414,DUE SOUTH BREWING,373827,DOMESTIC
010856,PROOF BREWING,485984,DOMESTIC
010856,PROOF BREWING,544091,DOMESTIC
010443,FARNHAM ALE,291274,DOMESTIC
010443,FARNHAM ALE,490898,DOMESTIC
010273,COCA COLA CAYEY PUERTO RICO CAYEY,32379,INTERNATIONAL
011035,TOMMYKNOCKER BREWERY,345703,DOMESTIC
010274,COCA COLA CHARLOTTE,34446,DOMESTIC
010912,ROGUE ALES & SPIRITS,483647,DOMESTIC
010939,SCHOONER EXACT,543161,DOMESTIC
010525,HEAVY SEAS BALTIMORE,358774,DOMESTIC
010469,FOSSIL COVE BREWING FAYETTEVILLE,499577,DOMESTIC
010759,ODD13 BREWING,493976,DOMESTIC
011092,VITALITEA KOMBUCHA,534037,DOMESTIC
010590,KERN RIVER BREWING,482901,DOMESTIC
011069,UPPER HAND BREWERY,517827,DOMESTIC
010821,PEPSI VALHALLA,513287,DOMESTIC
010821,PEPSI VALHALLA,48611,DOMESTIC
010280,COCA COLA DALLAS,506028,DOMESTIC
010620,LATITUDE 42 BREWING,366256,DOMESTIC
010764,OLD FLAME BREWING,457895,DOMESTIC
010764,OLD FLAME BREWING,548148,DOMESTIC
010516,HANGAR 24,197683,DOMESTIC
010516,HANGAR 24,525860,DOMESTIC
010516,HANGAR 24,543603,DOMESTIC
010297,COCA COLA MILWAUKEE,532277,DOMESTIC
011014,TEMPERANCE BEER,321568,DOMESTIC
011076,VARNI BROTHERS,538839,DOMESTIC
011076,VARNI BROTHERS,361308,DOMESTIC
011076,VARNI BROTHERS,478910,DOMESTIC
011076,VARNI BROTHERS,471902,DOMESTIC
011076,VARNI BROTHERS,484762,DOMESTIC
011076,VARNI BROTHERS,36601,DOMESTIC
011076,VARNI BROTHERS,538505,DOMESTIC
011076,VARNI BROTHERS,539680,DOMESTIC
010372,CUMMINS LOGISTICS,507151,DOMESTIC
010774,ORGANIC BOTTLE DECOR,553271,DOMESTIC
010929,SALTWATER BREWERY,465238,DOMESTIC
010628,LEHRKIND,551566,DOMESTIC
010362,CROW HOP BREWING,499041,DOMESTIC
010362,CROW HOP BREWING,536024,DOMESTIC
010504,GREAT NORTH BREW,482775,DOMESTIC
010783,OZARK BEER VENTURES,490871,DOMESTIC
010783,OZARK BEER VENTURES,482151,DOMESTIC
010424,EL MUNDO EN BAJA GRADUACION,517894,INTERNATIONAL
011108,WESTBROOK BREWING,443469,DOMESTIC
010988,STONEFACE BREWING,498566,DOMESTIC
010435,EPIC BREWING COMPANY WALNUT,335020,DOMESTIC
010445,FAST TRACK PACKAGING,533472,DOMESTIC
010445,FAST TRACK PACKAGING,552956,DOMESTIC
010880,REFRESCO MISSISAUGA,32117,DOMESTIC
010880,REFRESCO MISSISAUGA,547313,DOMESTIC
010880,REFRESCO MISSISAUGA,555057,DOMESTIC
010691,MISSOULA BREWING COMPANY,550248,DOMESTIC
010518,HAPPY BELLY KOMBUCHA,534580,DOMESTIC
010750,NORTHERN EAGLE BEVERAGE/RAILROAD,514204,DOMESTIC
011116,WILEY ROOTS BREWING ,552745,DOMESTIC
010411,DRAGOON BREWING,404718,DOMESTIC
010556,INFINITE MONKEY THEOREM,48493,DOMESTIC
010611,LAGUNITAS BREWING WASHTENAW,501198,DOMESTIC
010754,NVE PHARMACEUTICALS,551056,DOMESTIC
010754,NVE PHARMACEUTICALS,188402,DOMESTIC
010754,NVE PHARMACEUTICALS,490791,DOMESTIC
010754,NVE PHARMACEUTICALS,31974,DOMESTIC
010754,NVE PHARMACEUTICALS,37911,DOMESTIC
010875,RED TRUCK BEER,533296,DOMESTIC
011115,WILD ONION BREWING,31552,DOMESTIC
010477,FRENCH BROAD BREWERY,257631,DOMESTIC
010402,DPSG IRVING,79741,DOMESTIC
010402,DPSG IRVING,102859,DOMESTIC
010402,DPSG IRVING,553051,DOMESTIC
010428,EMBOTELLADORA LA MARIPOSA,524955,INTERNATIONAL
010304,COCA COLA NEEDHAM HEIGHTS,518651,DOMESTIC
010304,COCA COLA NEEDHAM HEIGHTS,32432,DOMESTIC
010484,GARAGE BREWING MURRIETA,496325,DOMESTIC
010878,REFRESCO  FORT WORTH,483815,DOMESTIC
010878,REFRESCO  FORT WORTH,498363,DOMESTIC
010654,LUCKY CLOVER PACKAGING,527881,DOMESTIC
010762,OFF THE RAIL BREWING,507944,DOMESTIC
010307,COCA COLA PORTALES,258423,DOMESTIC
010627,LEGAL DRAFT BEER,483807,DOMESTIC
010308,COCA COLA PUERTO RICO MAY AGUEZ,290360,INTERNATIONAL
010934,SAXCO INTERNATIONAL FAIRFLED,529916,DOMESTIC
011016,TEQUILA CENTINELA,497256,INTERNATIONAL
010421,EEL RIVER BREWING SCOTIA,499024,DOMESTIC
010339,COMPANIA CERVECERA HERCULES QUERETARO,532681,INTERNATIONAL
010827,PETOSKEY BREWING,239791,DOMESTIC
010645,LONGWOOD BREWERY,262529,DOMESTIC
011045,TREE TOP SELAH,39175,DOMESTIC
010913,ROHRBACH BREWING,355784,DOMESTIC
010889,REFRESCO WATERLOO,560569,DOMESTIC
010889,REFRESCO WATERLOO,543996,DOMESTIC
010608,LAGABIERE MICROBRASSERIE INC,512188,DOMESTIC
010608,LAGABIERE MICROBRASSERIE INC,536147,DOMESTIC
010515,HAIDER CORP,519355,DOMESTIC
010317,COCA COLA TRINIDAD,33558,INTERNATIONAL
010624,LEATHERBACK BREWING,547567,INTERNATIONAL
010843,POTOSI BREWING,503425,DOMESTIC
010997,SURLY BREWING BROOKLYN CENTER,251678,DOMESTIC
011046,TREEHOUSE FOODS DBA PROTENERGY FOODS,533501,DOMESTIC
010575,JEREMIAH JOHNSON BREWING,536016,DOMESTIC
010981,ST LOUIS MO,85059501,DOMESTIC
010981,ST LOUIS MO,85061001,DOMESTIC
010322,CODI MANUFACTURING,355397,DOMESTIC
010365,CROWN CORK AND SEAL,20503002,DOMESTIC
010401,DPSG BUENA PARK,34930,DOMESTIC
010422,REFRESCO SAN ANTONIO,43043,DOMESTIC
010422,REFRESCO SAN ANTONIO,537351,DOMESTIC
010444,FARWEST BREWING,494080,DOMESTIC
010565,ISLAND BREWING,48590,DOMESTIC
010729,NEW HOLLAND BREWING,512276,DOMESTIC
011027,THREE RANGES BREWING,479496,DOMESTIC
010872,REBELLION BREWING,532541,DOMESTIC
010872,REBELLION BREWING,518301,DOMESTIC
010873,RECYCLE ZONE,498056,DOMESTIC
011135,YELLOW SPRINGS BREWERY,494207,DOMESTIC
011135,YELLOW SPRINGS BREWERY,498507,DOMESTIC
010978,SPITEFUL BREWING,286715,DOMESTIC
010823,PEPSI WINSTON SALEM,36804,DOMESTIC
010468,FORT WORTH INDEPENDENT BREWING,461798,DOMESTIC
010367,CROWPEAK BREWING,43641,DOMESTIC
010601,KURES CRAFT BEVERAGES,508533,DOMESTIC
010601,KURES CRAFT BEVERAGES,559891,DOMESTIC
010325,COLDHAUS DIRECT MISSISSAUGA,524592,
010326,COLIO ESTATE WINES THORNBURY,510844,DOMESTIC
010326,COLIO ESTATE WINES THORNBURY,499745,DOMESTIC
010848,PRESCOTT BREWING PRESCOTT,496245,DOMESTIC
010768,OMNI SOURCE,36855,DOMESTIC
010327,COLORADO CIDER COMPANY,558039,DOMESTIC
010327,COLORADO CIDER COMPANY,551048,DOMESTIC
010390,DEWMAR INTL ROYAL CROWN,307395,DOMESTIC
010737,NEWELL RECYCLING OF ROME,34809,DOMESTIC
011018,TERRAPIN BEER ATHENS,506159,DOMESTIC
011018,TERRAPIN BEER ATHENS,247337,DOMESTIC
010779,OSKAR BLUES,37225,DOMESTIC
010331,COMERCIALIZADORA YARENI S DE RL DE C,559761,INTERNATIONAL
010810,PEPSI NASHVILLE,30921,DOMESTIC
010332,COMMON CIDER,550838,DOMESTIC
010332,COMMON CIDER,548105,DOMESTIC
010465,FOAM BREWERS CARPENTERS,509018,DOMESTIC
010648,LOST NATION BREWING,482732,DOMESTIC
010334,COMMONWEALTH/TROPICAL SHIPPING,43668,DOMESTIC
010566,ISLE BREWERS GUILD,511513,DOMESTIC
010394,DIAGEO VALLEYFIELD,463224,DOMESTIC
010336,COMPANIA CERVECERA DE COAHUILA,426888,INTERNATIONAL
011088,VICTORY PACKAGING ORLANDO,552964,DOMESTIC
010882,REFRESCO PA,543970,DOMESTIC
010982,STARR HILL BREWING,42614,DOMESTIC
010867,RALEIGH BREWING,483591,DOMESTIC
010341,CONNECTICUT VALLEY BREWING,536155,
010859,PUMP HOUSE BREWERY,200045,DOMESTIC
010346,COULEE CRAFT BREWING,486354,DOMESTIC
011004,TACOMA METALS,503821,DOMESTIC
010448,FERNIE BREWING,31641,DOMESTIC
011109,WESTERN CIDER,498013,DOMESTIC
011109,WESTERN CIDER,574266,DOMESTIC
011134,YELLOW DOG,448147,DOMESTIC
010350,CRAFT BREWERS ALLIANCE,545887,DOMESTIC
010350,CRAFT BREWERS ALLIANCE,50657,DOMESTIC
010350,CRAFT BREWERS ALLIANCE,397870,DOMESTIC
010351,CRAFT BREWERS/PORTLAND-WHSE,127642,DOMESTIC
010352,CRAFT CANNING,551259,DOMESTIC
010353,CRAFT CANNING,549386,DOMESTIC
010354,CRAFT CANNING,538695,DOMESTIC
010905,RIISA,499841,INTERNATIONAL
010355,CRAFT CANNING COMMERCE CITY,548738,DOMESTIC
010921,SABORES PARIS,497951,INTERNATIONAL
010356,CRAFT CANNING PORTLAND,498937,DOMESTIC
010931,SAN LUIS POTOSI,497205,DOMESTIC
010431,ENVASES UNIVERSALES DE CENTROAMERICANA,497926,INTERNATIONAL
010358,CRAFTY ELK DISTILLERY,553748,DOMESTIC
010361,CROOKED CAN BREWING FL,491954,
010363,CROWLING RENTALS,517991,DOMESTIC
010364,CROWN CORK & SEAL-CONROE/WHSE,534281,DOMESTIC
010366,CROWN VALLEY BREWING AND DIST,553318,DOMESTIC
010368,CRYSTAL GEYSER WATER BAKERSFIELD,543793,
010369,CSM WOODINVILLE,548754,DOMESTIC
010370,CUERVO GUADALAJARA,497248,INTERNATIONAL
010371,CULLEN AND HARRISON LLC,531282,DOMESTIC
010374,CUVEE COFFEE SPICEWOOD TX,526539,DOMESTIC
010375,DAGGER BREW TORONTO,535751,DOMESTIC
010376,DAIGLE EXPRESS,552770,DOMESTIC
010377,DAINTY FOODS WINDSOR,1578101,DOMESTIC
010380,DAYTON FLAVOR,486581,DOMESTIC
010381,DEAD ARMADILLO,522811,DOMESTIC
010381,DEAD ARMADILLO,553529,DOMESTIC
010382,DEAN AND COMPANY LA JUNTA,503476,DOMESTIC
010386,DESCON CONVEYOR SYSTEMS,553588,DOMESTIC
010387,DESNOES & GEDDES,345615,INTERNATIONAL
010391,DIAGEO BALTIMORE,540470,DOMESTIC
010392,DIAGEO CARGOLOGAN,492421,DOMESTIC
010393,DIAGEO HALETHORPE,527654,DOMESTIC
010396,DISTRICT BREWING,474020,DOMESTIC
010397,DIXIE CANNER WINTERHAVEN,564199,DOMESTIC
010809,PEPSI MUNSTER,37276,DOMESTIC
010398,DIXIE CANNER/MOBILE CANNING SYSTEMS,554759,DOMESTIC
010398,DIXIE CANNER/MOBILE CANNING SYSTEMS,589273,DOMESTIC
010399,DL GEARYS BREWING,546281,DOMESTIC
010405,DPSG MIAMI,531768,DOMESTIC
010806,PEPSI KNOXVILLE,30939,DOMESTIC
010407,DPSG PICKETVILLE,525798,DOMESTIC
010409,DPSG VICTORVILLE,518256,DOMESTIC
010409,DPSG VICTORVILLE,35078,DOMESTIC
010409,DPSG VICTORVILLE,483153,DOMESTIC
010409,DPSG VICTORVILLE,527697,DOMESTIC
010416,DV SPIRITS/NASHVILLE,548391,DOMESTIC
010416,DV SPIRITS/NASHVILLE,539399,DOMESTIC
010417,DWS PRINTING,537422,DOMESTIC
010417,DWS PRINTING,550803,DOMESTIC
010417,DWS PRINTING,532488,DOMESTIC
010419,EASTSIDE DISTILLING MILWAUKIE,542993,DOMESTIC
010423,EJ ENTERPRISES,531872,DOMESTIC
010423,EJ ENTERPRISES,555276,DOMESTIC
010612,LAHAINA BREWERY,525237,DOMESTIC
010951,SHASTA TUKWILA,36994,DOMESTIC
010951,SHASTA TUKWILA,563081,DOMESTIC
010426,EMBOTELLADORA AGA,552930,INTERNATIONAL
010426,EMBOTELLADORA AGA,562812,INTERNATIONAL
010427,EMBOTELLADORA DE SULA,497483,INTERNATIONAL
010429,ENTREPOSAGE MASKA LONGUEUIL,544059,DOMESTIC
010430,ENTREPOT LA FRANCE,475807,DOMESTIC
010430,ENTREPOT LA FRANCE,491250,DOMESTIC
010432,ENVASES UNIVERSALES DE MEXICO SA PI DE,498267,INTERNATIONAL
010433,EOLA SCHOOL RESTAURANT & BREWERY,488034,DOMESTIC
010950,SHASTA SALT LAKE CITY,36986,DOMESTIC
010437,EVANS BREWING,513914,
010438,EVENTIDE BREWING,481511,DOMESTIC
010439,EXTANT BREWING,482548,DOMESTIC
010440,FABLEIST WINE COMPANY PASO ROBLES,486696,
010441,FAIR STATE BREWING COOPERATIVE,508744,
010442,FARIS FARMS BREWING,485335,DOMESTIC
010447,FERMENTED SCIENCES II,535996,DOMESTIC
010449,FERNSON BREWING,498654,DOMESTIC
010450,FERRIS COFFEE & NUT CO,533991,DOMESTIC
010451,FIDDLEHEAD BREWING,502211,DOMESTIC
010451,FIDDLEHEAD BREWING,503169,DOMESTIC
011037,TOOL SHED BREWING,368420,DOMESTIC
011096,WALKERVILLE BREWING,411310,DOMESTIC
010452,FIFTY WEST BREWING,509333,DOMESTIC
010453,FIFTY WEST BREWING MARIEMONT,525721,DOMESTIC
010454,FIGUEROA MOUNTAIN,527355,DOMESTIC
011010,TATAMAGOUCHE BREWING,464631,DOMESTIC
010455,FINCH BEER IL,562775,DOMESTIC
011054,TROUBLED MONK BREWERY,478741,DOMESTIC
010456,FINKEL & GARF,537342,
010457,FIREFLY HOLLOW BREWING,479859,DOMESTIC
010460,FIRST RATE BREWERS,500603,
010461,FLAVORMAN,37719,DOMESTIC
010461,FLAVORMAN,281720,DOMESTIC
010466,FORT GARRY BREWING,257287,
010915,ROMANOFF HEATING,543785,DOMESTIC
010471,FOUR CORNERS BREWING,549933,DOMESTIC
010473,FOUR PEAKS BREWING,552366,DOMESTIC
010473,FOUR PEAKS BREWING,369297,DOMESTIC
010474,FRANCIS COPPOLA WINERY,34243,DOMESTIC
010474,FRANCIS COPPOLA WINERY,575314,DOMESTIC
010474,FRANCIS COPPOLA WINERY,586144,DOMESTIC
010474,FRANCIS COPPOLA WINERY,593791,DOMESTIC
010475,FREDONIA BREWERY,502676,
010476,FREE FLOW WINES SONOMA,546741,DOMESTIC
010476,FREE FLOW WINES SONOMA,528171,DOMESTIC
010476,FREE FLOW WINES SONOMA,553086,DOMESTIC
010476,FREE FLOW WINES SONOMA,555188,DOMESTIC
010476,FREE FLOW WINES SONOMA,546492,DOMESTIC
010476,FREE FLOW WINES SONOMA,522335,DOMESTIC
010476,FREE FLOW WINES SONOMA,546791,DOMESTIC
010476,FREE FLOW WINES SONOMA,538732,DOMESTIC
010476,FREE FLOW WINES SONOMA,544227,DOMESTIC
010476,FREE FLOW WINES SONOMA,501921,DOMESTIC
010476,FREE FLOW WINES SONOMA,503396,DOMESTIC
010476,FREE FLOW WINES SONOMA,550432,DOMESTIC
010476,FREE FLOW WINES SONOMA,545879,DOMESTIC
010476,FREE FLOW WINES SONOMA,573520,DOMESTIC
010478,FRUGAL HEART CEDAR RAPID,537473,DOMESTIC
010479,FUGGLES & WARLOCK CRAFTWORKS,482783,DOMESTIC
010480,FX MATT BREWING,547971,DOMESTIC
010481,G3 ENTERPRISES,417949,DOMESTIC
010483,GAMER PACKAGING NJ,555153,DOMESTIC
010483,GAMER PACKAGING NJ,557491,DOMESTIC
010483,GAMER PACKAGING NJ,595358,DOMESTIC
010485,GASTOWN BREWING BURNBY,246457,DOMESTIC
010486,GENERAL PRODUCTS,532411,INTERNATIONAL
010487,GHOST TRAIN BREWING,517801,
010489,GLUTENBERG OSHLAG,522440,DOMESTIC
010490,GO GET-WEST-DESCHUTES (NEW CUSTOMER) - 110021,110021,DOMESTIC
010526,HELLS BASEMENT BREWERY,493870,DOMESTIC
010492,GOOD BEVERAGES BUTTE,555145,DOMESTIC
011065,UNCLE JOHNS CIDER MILL,179194,DOMESTIC
010497,GRAND ARMORY BREW,501340,DOMESTIC
010498,GRAND CANYON BREWING,509878,DOMESTIC
010753,NUTRAKEY,530520,DOMESTIC
010499,GRANITE WATER WORKS BUTTE,542176,DOMESTIC
010499,GRANITE WATER WORKS BUTTE,551224,DOMESTIC
010499,GRANITE WATER WORKS BUTTE,532138,DOMESTIC
010500,GRAYSTONE BREWING FREDERICTION,506731,
010501,GRAYSTONE BREWING HANWELL,532429,DOMESTIC
010503,GREAT FLOOD BREWING,499956,DOMESTIC
010506,GREEN BENCH BREWING,536876,DOMESTIC
010507,GREEN FARMS II,530651,DOMESTIC
010507,GREEN FARMS II,577820,DOMESTIC
010935,SAXCO INTERNATIONAL FORT COLLINS,530714,DOMESTIC
010509,GREEN MOUNTAIN BEVERAGE,555971,DOMESTIC
010510,GREENBRIER VALLEY BREWING,540058,DOMESTIC
010510,GREENBRIER VALLEY BREWING,563284,DOMESTIC
010966,SOCIETE DES VINS INTERNATIONALE,534002,DOMESTIC
010511,GREENPORT HARBOR BREWING,502449,DOMESTIC
010513,GROWLER STATION,550686,DOMESTIC
010725,NEW BELGIUM BREWING FT COLLINS,36644,DOMESTIC
010725,NEW BELGIUM BREWING FT COLLINS,576077,DOMESTIC
010725,NEW BELGIUM BREWING FT COLLINS,575998,DOMESTIC
010514,H2 BEVERAGES PLANO,523901,DOMESTIC
010677,MELVIN BREWING EVANSTON,533069,DOMESTIC
010517,HANSEN FARMS,497643,DOMESTIC
010519,HART PRINT INC/MONT-ROYAL,550651,DOMESTIC
010520,HAUSER ESTATE WINERY,105401,DOMESTIC
010520,HAUSER ESTATE WINERY,253497,DOMESTIC
010521,HAWAII NUI BREWERY,355805,DOMESTIC
010523,HAYMARKET BEER,508040,DOMESTIC
011118,WINE BY JOE,529502,DOMESTIC
011118,WINE BY JOE,553377,DOMESTIC
010524,HEADY BREWING,481895,DOMESTIC
010696,MOBILE CANNING NAPA,529781,DOMESTIC
010529,HIGH HOPS BREWERY,540445,DOMESTIC
010530,HIGH SPIRITS,526731,DOMESTIC
010532,HOLLYWOOD BREWING-BEERSTREAM DIST,509923,DOMESTIC
010535,HONKEY TONK BREWING,518011,DOMESTIC
010594,KOMBU,535056,DOMESTIC
010542,HUNTERS POINT BREWERY,510676,
010544,ICAN SOLUTIONS,490901,DOMESTIC
010545,ICONIC BREWING MONTREAL,484092,DOMESTIC
010545,ICONIC BREWING MONTREAL,572199,DOMESTIC
010546,ICONIC BREWING TORRONTO,523899,
010548,IDYLL HOUNDS BREWING,407935,DOMESTIC
010549,IMBIBE,91361,DOMESTIC
010786,PALISADE BREWING,177316,DOMESTIC
010786,PALISADE BREWING,504006,DOMESTIC
010553,INDUSTRIA ENVASADORA,492181,INTERNATIONAL
010712,MPACT BEVERAGE,491604,DOMESTIC
010555,INDUSTRIA LICORERA QUEZALTECA GUATEMALA,534803,INTERNATIONAL
010993,SUN KING INDIANAPOLIS,499104,DOMESTIC
010993,SUN KING INDIANAPOLIS,459760,DOMESTIC
010993,SUN KING INDIANAPOLIS,568069,DOMESTIC
010557,INSPECCIONA CONSULTORES SA DE CV,553182,INTERNATIONAL
010558,INSTITUTION ALE CO,513210,DOMESTIC
010559,INTERCONTINENTAL PACKAGING/CITY BREW,480059,DOMESTIC
010561,IPSWICH ALE-SPINNING WHEELS ADDCO,555858,DOMESTIC
010562,IPSWICH BREWING,526521,DOMESTIC
010563,IRON HEART CANNING,550467,DOMESTIC
010564,ISAAC ARMANDO RUIZ MOYO,553465,DOMESTIC
010853,PRODUCTORA LA FLORIDA SAN JOAQUIN,497942,INTERNATIONAL
010569,JAIME LENIN GONZLEZ NAVA,546601,INTERNATIONAL
010570,JARN & GLER HF,510887,DOMESTIC
010573,JDS BARRET,533510,
010574,JEKYLL BREWING,496712,DOMESTIC
010576,JERSEY CIDER WORKS MILFORD,484885,DOMESTIC
010578,JM SMUCKER CHICO,484800,DOMESTIC
010579,JUGOS DEL VALLE,498224,INTERNATIONAL
010580,JULIUS LEHRKIND BREWING,524779,DOMESTIC
010582,KAMBAG,488211,DOMESTIC
010584,VITAL PHARMACEUTICALS/KDP MIAMI,559402,DOMESTIC
010585,KDP NORTHLAKE,542310,DOMESTIC
010593,KOHANA COFFEE RICHMOND,512719,DOMESTIC
010592,KING OF SPRINGS BREWERY,500574,
010633,LIEB FOODS,498355,DOMESTIC
010633,LIEB FOODS,286037,DOMESTIC
010633,LIEB FOODS,480729,DOMESTIC
010633,LIEB FOODS,517051,DOMESTIC
010633,LIEB FOODS,234974,DOMESTIC
010633,LIEB FOODS,290491,DOMESTIC
010633,LIEB FOODS,473537,DOMESTIC
010633,LIEB FOODS,526563,DOMESTIC
010633,LIEB FOODS,534782,DOMESTIC
010633,LIEB FOODS,508904,DOMESTIC
010633,LIEB FOODS,512065,DOMESTIC
010633,LIEB FOODS,483372,DOMESTIC
010633,LIEB FOODS,533641,DOMESTIC
010633,LIEB FOODS,499323,DOMESTIC
010651,LOVELADY BREWING,513851,DOMESTIC
010767,OLDS COLLEGE,448163,DOMESTIC
011111,WHALERS BREWING,509093,DOMESTIC
011111,WHALERS BREWING,566477,DOMESTIC
010600,KT MURRAY STORMCLOUD,515469,
010604,LABATT ARCHIBALD,509860,DOMESTIC
010604,LABATT ARCHIBALD,523004,DOMESTIC
010604,LABATT ARCHIBALD,553300,DOMESTIC
010605,LABATT EDMONTON,551099,DOMESTIC
011112,WHITE MOUNTAIN DISTILLERY,503716,DOMESTIC
010660,MAD RIVER BREWING TAYLOR,514183,DOMESTIC
010666,MANOR HILL FARM,510529,DOMESTIC
010613,LAKE CHELAN TRADING COMPANY,530706,DOMESTIC
010614,LAKE MONSTER BREWING CO,511732,DOMESTIC
010615,LANDESBERG,532664,DOMESTIC
010616,LANDWASH BREWERY,540138,
010617,LASSONDE PAPPAS HENDERSONVILLE,543110,DOMESTIC
010619,LAST CHANCE CIDER MILL,543224,DOMESTIC
010622,LDB BEVERAGE,537625,DOMESTIC
010622,LDB BEVERAGE,554732,DOMESTIC
010623,LEADER LOGISTICS,531901,DOMESTIC
010625,LEELANAU WINE CELLARS OMENA,546839,DOMESTIC
010626,LEFT COAST BREWING,498144,DOMESTIC
010630,LES BRASSEURS DU NORD,509771,
010631,LEVECKE CORPORATION,537262,DOMESTIC
010631,LEVECKE CORPORATION,551427,DOMESTIC
010631,LEVECKE CORPORATION,579112,DOMESTIC
010632,LIDA SORAYA FARIAS CUEVAS,544219,INTERNATIONAL
010710,MOUNTAIN FORK BREWING,501809,DOMESTIC
010928,SAINT BONIFACE CRAFT EPHRATA,505607,DOMESTIC
010928,SAINT BONIFACE CRAFT EPHRATA,481692,DOMESTIC
011052,TRIPLE C BREWING,482724,DOMESTIC
010635,LINDENMEYR MUNROE,550660,DOMESTIC
010636,LION BREWERY PITTSTON,538679,DOMESTIC
010636,LION BREWERY PITTSTON,477941,DOMESTIC
010637,LITTLE FANCY SPRITZER,546142,DOMESTIC
010638,LIVE BAIT VENDING,508672,DOMESTIC
011031,TIN ROOF,63853,DOMESTIC
010640,LIVINGSTON CHOCOLATE,487998,
010640,LIVINGSTON CHOCOLATE,514386,
010640,LIVINGSTON CHOCOLATE,38244,
010641,LOGBOAT BREWING,482919,DOMESTIC
010757,OCEAN SPRAY MIDDLEBORRO,109452,DOMESTIC
010647,LOST COAST,527523,DOMESTIC
010787,PARALLEL 49 BREWING,355776,DOMESTIC
010649,LOST RHINO BREWING,230914,DOMESTIC
010650,LOUISIANA ROOTS ,560032,DOMESTIC
010652,LUCERNE FOODS DENVER,542328,DOMESTIC
010653,LUCERNE FOODS NORWALK,542336,DOMESTIC
010653,LUCERNE FOODS NORWALK,550694,DOMESTIC
010655,LUCKY CLOVER PACKAGING EDISON,528681,DOMESTIC
011053,TROPICAL BOTTLING,549141,DOMESTIC
011053,TROPICAL BOTTLING,547698,DOMESTIC
011053,TROPICAL BOTTLING,547057,DOMESTIC
010656,LUCKY CLOVER PACKAGING SACRAMENTO,510692,DOMESTIC
010669,MARTIN CITY BREWING KANSAS CITY,488018,DOMESTIC
010657,LUCKY CLOVER PACKAGING SANTA BARBARA,491541,
010658,LUXCO CINCINNATI,546935,DOMESTIC
010659,LYNNWOOD BREWING,502191,DOMESTIC
011066,UNIFOODS,499825,INTERNATIONAL
010778,ORORA PACKAGING SOLUTIONS WSI IN,543890,DOMESTIC
010663,MAMMOTH CANNING,524761,DOMESTIC
010663,MAMMOTH CANNING,552438,DOMESTIC
010663,MAMMOTH CANNING,534011,DOMESTIC
010673,MATI CLAYTON,484666,DOMESTIC
010664,MANGROVE ESTATES/SCOTTO CELLARS,500671,DOMESTIC
010667,MANTRA ARTISAN ALES,499964,DOMESTIC
010668,MARIA JOSE OLIVARRIA LOPEZ,563436,INTERNATIONAL
010670,MARTINEZ AVILA JORGE ALBERTO,565597,INTERNATIONAL
010672,MASS BAY BREWING WOBURN,482791,DOMESTIC
010676,MELVIN BREWING ALPINE,481887,DOMESTIC
010679,MIAMI COCKTAIL,535734,DOMESTIC
010837,POLAR BEVERAGE FITZGERALD,546513,DOMESTIC
010837,POLAR BEVERAGE FITZGERALD,416321,DOMESTIC
010680,MICROBRASSERIE BEEMER,499534,DOMESTIC
010681,MID OAK DISTILLERY,538847,DOMESTIC
011012,TEAKOE TEA,507987,DOMESTIC
010682,MIKERPHONE BREWING LLC,538492,DOMESTIC
010744,NITRO JOES,525211,DOMESTIC
010690,MISSION BREWERY,280057,DOMESTIC
010700,MOLSON,30541,
010702,MOODY ALES,468164,
011006,TALKINGRAIN BEVERAGE KENT,541755,DOMESTIC
010703,MOONRAKER BREWING,504073,
010706,MOTHER ROAD MOBILE CANNING,386089,DOMESTIC
010707,MOTHERLODE,553772,DOMESTIC
010944,SHANNON BREWING,459188,DOMESTIC
010708,MOTHERLODE MILWAUKEE,529529,DOMESTIC
011113,WHITEWATER BREWING OTTAWA,547065,DOMESTIC
010711,MOUNTAIN STATE BREWING,497467,DOMESTIC
010713,MPL BRANDS,560585,DOMESTIC
010715,MULE 2.0 LA CROSSE,551081,DOMESTIC
010716,MUSKOKA BREWERY,31587,DOMESTIC
010717,MUSSON INTERNATIONAL,497969,INTERNATIONAL
010897,REVHONEY,513826,DOMESTIC
010897,REVHONEY,532550,DOMESTIC
010719,NBC PACKAGING,553334,DOMESTIC
011034,TOD CREEK CIDER,380331,DOMESTIC
010723,NESTLE WATERS/POWER BRANDS,551128,DOMESTIC
010724,NEW AGE BEVERAGES/CITY BREWING,48098,DOMESTIC
010735,NEW TERRAIN BREWING,501489,DOMESTIC
010829,PHI AUTOMATION EL MARQUES,535953,INTERNATIONAL
010849,PRICE CONTAINER AND PACKAGING WILLARD,537684,DOMESTIC
010730,NEW HOLLAND BREWING MI,562652,DOMESTIC
011079,VERMONT HARD CIDER MIDDLEBURY,531493,DOMESTIC
010732,NEW ORLEANS LAGER & ALE BREWING,67205,DOMESTIC
010733,NEW SARUM BREWING,499340,
011105,WEST COAST CAN,547268,DOMESTIC
011105,WEST COAST CAN,558864,DOMESTIC
011105,WEST COAST CAN,242368,DOMESTIC
010734,NEW SOUTH BREWING,31616,DOMESTIC
011050,TRINIDAD WEST INDIES,35553,INTERNATIONAL
010738,NEWPORT BREW,534707,DOMESTIC
010739,NH KELMAN INC. SCRAP RECYCLING,511089,DOMESTIC
010741,NINE PIN CIDER WORKS BROADWAY,442431,DOMESTIC
010975,SPELLBOUND BREWING,488077,DOMESTIC
010742,NINTH PLANET BEVERAGE DEER PARK,523821,DOMESTIC
010742,NINTH PLANET BEVERAGE DEER PARK,555090,DOMESTIC
010742,NINTH PLANET BEVERAGE DEER PARK,492068,DOMESTIC
010890,REFRESCO WHARTON,40969,DOMESTIC
010743,NIPPON CLOSURES HIRATSUKA CITY,538441,
011049,TRIMTAB BREWING,526811,DOMESTIC
010772,OPTIMUS FULFILL,549175,DOMESTIC
010772,OPTIMUS FULFILL,541721,DOMESTIC
010772,OPTIMUS FULFILL,557212,DOMESTIC
010911,ROCKY MOUNTAIN BREWING,506749,DOMESTIC
010972,SOUTHWEST WINES,523426,DOMESTIC
010749,NORTH 40 VENTURES,543742,
010765,OLD NATION BREWING,533780,DOMESTIC
010751,NORTHERN SUPERIOR BREWING,502641,DOMESTIC
010907,RIVAL BREWING CO SA DE CV/BALL MEXICALI,548981,INTERNATIONAL
010907,RIVAL BREWING CO SA DE CV/BALL MEXICALI,546994,INTERNATIONAL
010752,NORTHSTAR BEVERAGE,553326,DOMESTIC
010946,SHASTA HAYWARD,36943,DOMESTIC
010755,OAKSHIRE BREWING,221031,DOMESTIC
010773,ORANGE CITY BREWERY DBA DARWIN BREWING,434773,DOMESTIC
010845,POWER BRANDS CONSULTING EAST COAST CRUSH NAPLES,548367,DOMESTIC
011040,TOPATOPA BREWING,526694,DOMESTIC
010830,PHILIPSBURG BREWING BREWERY ROAD,470213,DOMESTIC
010830,PHILIPSBURG BREWING BREWERY ROAD,501930,DOMESTIC
010868,RAY VENTURES ,537887,DOMESTIC
010945,SHASTA GAINSVILLE,36935,DOMESTIC
010780,OSKAR BLUES DOWNINGTOWN,517173,DOMESTIC
011051,TRIPACK,529799,DOMESTIC
010761,ODYSSEY BEERWERKS,443768,DOMESTIC
011074,VALKYRIAN CANNING,543814,DOMESTIC
010763,OLD BLACK BEAR BREWING,420988,DOMESTIC
011023,THIRSTY BEVERAGES,549108,DOMESTIC
011133,YARDS BREWING,539541,DOMESTIC
010766,OLD YALE BREWING,106155,DOMESTIC
010766,OLD YALE BREWING,496801,DOMESTIC
010769,OMNILIFE,497230,INTERNATIONAL
010771,OMNISOURCE SOUTHEAST KERNERSVILLE,480753,DOMESTIC
010910,ROASTERIE,497678,DOMESTIC
010775,ORORA BEVERAGE CANS,550918,DOMESTIC
011125,WISPAK MANKATO,35879,DOMESTIC
010777,ORORA PACKAGING SOLUTIONS SAN MARCOS,543363,DOMESTIC
010782,OUTER LIGHT BREWING,503302,DOMESTIC
010864,R&D BREWING,547621,DOMESTIC
010785,PACIFIC MOUNTAIN LOGISTICS,553449,DOMESTIC
010790,PEAK ORGANIC BREWING,328321,DOMESTIC
010791,PEAK ORGANIC BREWING MIDDLEBURY,510131,DOMESTIC
010793,PEPSI AUSTIN,37284,DOMESTIC
010794,PEPSI BOTTLING COMPANY AYER,532613,DOMESTIC
010904,RIGHTWATER,548404,DOMESTIC
010802,PEPSI GARNER,36821,DOMESTIC
010930,SAN LUIS OBISPO,548287,DOMESTIC
010807,PEPSI MARION,37364,
010813,PEPSI ROCKFORD,522028,DOMESTIC
011120,WINE SECRETS,530773,DOMESTIC
011120,WINE SECRETS,484738,DOMESTIC
011120,WINE SECRETS,535312,DOMESTIC
011077,VERMONT CIDER,548130,DOMESTIC
011141,ZILKER BREWING,490775,DOMESTIC
010933,SAXCO INTERNATIONAL ALLEN,550707,DOMESTIC
010826,PERSIMMON HOLLOW BREWING,518491,DOMESTIC
010826,PERSIMMON HOLLOW BREWING,553908,DOMESTIC
010828,PHASE TWO WINERY,551380,DOMESTIC
010862,QUIDI VIDI,527945,DOMESTIC
010862,QUIDI VIDI,568309,DOMESTIC
010974,SPECKLEBELLYS,481490,DOMESTIC
010831,PHILIPSBURG BREWING RICK JONES WAY,553019,DOMESTIC
010832,PHILLIPS BREWING,43553,DOMESTIC
010833,PHILLIPS BREWING BURNABY,532461,
010834,PHUSION PROJECTS VANCOUVER,557191,DOMESTIC
010835,PIKE BREWING,482011,
010836,PLENTY BREWERY BHAVA,537908,
010936,SAXCO INTERNATIONAL SAN DIEGO,529924,DOMESTIC
010839,POLAR WORCESTER,542379,DOMESTIC
011080,VICTOR MANUEL GONZALEZ BARAJAS,553107,INTERNATIONAL
010941,SEMILLAS Y AGROPRODUCTOS MORENO RETIS,553158,INTERNATIONAL
011059,TWO BEERS BREW SEATTLE,531346,DOMESTIC
011036,TONEJET MELBOURN,551540,INTERNATIONAL
010842,POST-GAME BREWING TORONTO,503791,DOMESTIC
010842,POST-GAME BREWING TORONTO,575744,DOMESTIC
010844,POUR RICHARDS COFFEE,548383,DOMESTIC
011005,TALBOTTS MOUNTAIN GOLD,479349,DOMESTIC
010860,Q4Q BEER BRAMPTON,528041,DOMESTIC
010850,PRIORITY ONE FAIRFIELD,55550244,
011132,YAMAMOTOYAMA,550352,DOMESTIC
010896,REUNION BREWING,470150,DOMESTIC
010954,SHERWAY GROUP,446977,DOMESTIC
010969,SOUTHERN TIER BREWING CROWN VALLEY,537131,DOMESTIC
010969,SOUTHERN TIER BREWING CROWN VALLEY,553713,DOMESTIC
010852,PRO VISION TRAN,533368,
010854,PRODUCTORA Y COMERCIALIZADORA ARTESANA,555410,INTERNATIONAL
010861,QUALAMEX COTT,497336,INTERNATIONAL
011093,VONS NORWALK,552817,DOMESTIC
010958,SINGIN RIVER BREWING,393625,DOMESTIC
011038,TOP IT OFF BOTTLING,554468,DOMESTIC
010885,REFRESCO SIKESTON,542416,DOMESTIC
011030,TILLAMOOK,538521,DOMESTIC
010874,RED CYPRESS BREWERY,539276,
010940,SCORCHED EARTH BREWING,552876,DOMESTIC
011098,WE SLEEVE IT AUSTIN,524357,DOMESTIC
010976,SPICY FROG CERVECERIAS,555401,INTERNATIONAL
010906,RIO RANCHO,526635,DOMESTIC
011072,URIEL CRUZ PINEDA,544631,INTERNATIONAL
010881,REFRESCO MONTANA,543961,DOMESTIC
010883,REFRESCO POINTE CL,556113,DOMESTIC
011047,TRENCH BREWING & DISTILLING,555321,DOMESTIC
010887,REFRESCO WA,556615,
010901,RHOMBUS GUYS BREWING,482071,DOMESTIC
010891,REFRESCO WILSON,539452,DOMESTIC
010942,SEVEN STILLS,537983,DOMESTIC
010893,REFUGE BREWERY,502123,
010895,REIGN WATER MT,558282,DOMESTIC
010994,SUN RYPE PRODUCTS,551435,DOMESTIC
010994,SUN RYPE PRODUCTS,500515,DOMESTIC
010900,REXAM BEVERAGE CAN AMERICAS,55550138,
010903,RICON,519769,
010973,SPEAKEASY,557204,INTERNATIONAL
011039,TOPA TOPA BREWING,550441,DOMESTIC
011042,TOPSAIL BREWING DBA FAIR WINDS BREWING,485802,DOMESTIC
010909,RIVERWALK BREWING CO/PARKER,514061,DOMESTIC
010909,RIVERWALK BREWING CO/PARKER,511417,DOMESTIC
011130,WSJ,507830,DOMESTIC
011130,WSJ,567808,DOMESTIC
010916,ROWDY MERMAID KOMBUCHA,546214,DOMESTIC
010916,ROWDY MERMAID KOMBUCHA,565520,DOMESTIC
010964,SMARTMOUTH BREWING,482169,DOMESTIC
010918,ROYAL PACKAGING/SARATOGA SPRINGS,559613,INTERNATIONAL
010919,RS LIPMAN,483583,DOMESTIC
011117,WINE AND BEER SUPPLY GLEN ALLEN,557853,DOMESTIC
011071,URBANTREE HARD CIDER,553297,DOMESTIC
011091,VITA COCO/CASTLE COPACKERS,558240,DOMESTIC
010932,SAUGATUCK BREWING,533376,
011021,THE BRUERY,521869,DOMESTIC
010938,SCHMALTZ BREWING,357721,
011008,TANDEM CIDERS,476957,DOMESTIC
011019,TERRAVANT WINE COMPANY,534221,DOMESTIC
011019,TERRAVANT WINE COMPANY,556121,DOMESTIC
010943,SEVENTH SON BREWING,535072,DOMESTIC
011119,WINE GROUP RIPON,492210,DOMESTIC
010952,SHEBEEN BREWING,282538,
011068,UNKNOWN BREWING,485992,DOMESTIC
010953,MILLER COORS SHENENDOAH,32651,
010955,SHERWAY WAREHOUSING,539698,
011102,WE SLEEVE IT-LACEY,560892,DOMESTIC
011097,WALLACE BREWING,512911,DOMESTIC
011082,VICTORY PACKAGING AURORA,557159,DOMESTIC
011145,CASK/ANGRY MINNOW BREWING,47520,DOMESTIC
010977,SPINNAKERS BREW PUB,148241,DOMESTIC
010968,SOUTHERN BARREL,479277,DOMESTIC
010971,SOUTHSIDE BEVERAGE BC,554441,DOMESTIC
011219,CASK/MILE 37 CRAFT CANNING COMPANY,511847,DOMESTIC
010983,STEEL BARREL,512954,
011073,UTAH BREWERS,257877,DOMESTIC
011129,WONDERLAND BREWING CO,444761,DOMESTIC
010987,STONECHURCH VINEYARD AND WINERY HOLDINGS,386097,DOMESTIC
010991,STRYDER,512268,
010991,STRYDER,558346,
011170,SUNSHINE BEVERAGES/NVE PHARMACEUTICALS - 478670,478670,DOMESTIC
010999,SUTTER HOME WINERY,479867,DOMESTIC
011003,SYCAMORE BREWING,505800,DOMESTIC
011009,TAP HOPPER TOURS,517165,DOMESTIC
011009,TAP HOPPER TOURS,525827,DOMESTIC
011197,ESCUTCHEON BREWING CO,478821,DOMESTIC
011011,TAWSE FAMILY WINERY,528673,
011017,TERRA AQUA MARINE SERVICES ,557407,INTERNATIONAL
011064,UNCLE BEARS BREWERY PHOENIX,502730,DOMESTIC
011024,THOMAS HOOKER BREWING,503345,DOMESTIC
011025,THORN BREWING,550678,DOMESTIC
011026,THREE FLOYDS BREWING MUNSTER,539111,
011234,CI CERVEZA GMBH/NAVA,573466,INTERNATIONAL
011286,CERVECERIA ARTESANAL SONORA SA DE CV,574418,INTERNATIONAL
011157,ZUCKERMAN HONICKMAN/TIRED HANDS BREWING,563073,DOMESTIC
011157,ZUCKERMAN HONICKMAN/TIRED HANDS BREWING,573271,DOMESTIC
011032,TKT HEINEKEN,55550498,
011033,TMSI WINDSOR,55550221,
011235,ROYAL  PACKAGING/INDUSTRIAL ARTS BREWING,574469,DOMESTIC
011151,PEPSICO FINANCIAL/ROCKFORD/BERNER CHERRY,560201,DOMESTIC
011280,BEVSOURCE/CITY BREWING CO,559509,DOMESTIC
011287,BEVSOURCE/FOUR SONS BREWING,573159,DOMESTIC
011277,PBC HOWELL,30710,DOMESTIC
011285,CASK/TEXAS LEAGUER BREWING COMPANY,564181,DOMESTIC
011043,TORQUE BREWING,492527,
011245,PBC/TWINSBURG,37313,DOMESTIC
011278,PBG/ CANADA/MONCTON,39677,INTERNATIONAL
011275,PARADOX BREWERY,491102,DOMESTIC
011212,HIGH WATER BREWING COMPANY/DENVER,546071,DOMESTIC
011160,NATIONAL DRY COMPANY LIMITED,551064,INTERNATIONAL
011253,SOCIABLE CIDER WERKS /BROADWAY WAREHOUSE,493394,DOMESTIC
011253,SOCIABLE CIDER WERKS /BROADWAY WAREHOUSE,409877,DOMESTIC
011056,TURNING BASIN,537801,
011281,HIGH PARK HOLDINGS LTD,565191,INTERNATIONAL
011238,OSKAR BLUES/LUCKY CLOVER PACKAGING BALTI,567963,DOMESTIC
011058,TWIN LAKES BREWING,46720,
011279,CCGL/ALSIP,532285,DOMESTIC
011247,DIXIE CANNER/MOBILE CANNING TRESLE PLACE,556885,DOMESTIC
011189,MCDONALDS WHOLESALE CO,565503,DOMESTIC
011193,TWELVE PERCENT LLC,563583,DOMESTIC
011140,ZERO GRAVITY CRAFT BREWERY,552403,DOMESTIC
011282,ARTERRA WINES/ROUGEMONT,555989,DOMESTIC
011172,SUPPLE LLC/AZPACK,565167,DOMESTIC
011204,CASK/ROADHOUSE BREWING CO,562847,DOMESTIC
011206,PABLO PUIG TRESS,570847,DOMESTIC
011168,HOLIDAILY BREWING CO/GOLDEN,549036,DOMESTIC
011148,MIDWEST-HEALTH/BEV-HUB/WICHITA,558021,DOMESTIC
011084,VICTORY PACKAGING DANCING GNOME,555284,DOMESTIC
011210,CHAMELEON BEVERAGE COMPANY INC,559411,DOMESTIC
011210,CHAMELEON BEVERAGE COMPANY INC,568501,DOMESTIC
011089,VINTNERS LOGISTICS,522845,DOMESTIC
011159,ZUCKERMAN HONICKMAN/BISSELL BROTHER BREW,562521,DOMESTIC
011178,AXIS BEVERAGES/ALMANAC BEER CO,565386,DOMESTIC
011178,AXIS BEVERAGES/ALMANAC BEER CO,559496,DOMESTIC
011174,CASK/IOWA BREWING,558426,DOMESTIC
011274,YOUNG LIVING ESSENTIALS OILS/BLUE CHIP,573458,DOMESTIC
011243,STRATUS GROUP/BLUE MARBLE PRODUCTIONS,574063,DOMESTIC
011239,FALLING PIANO BREWING SA DE CV,574928,DOMESTIC
011166,CASK/BRICK RIVER CIDER,558362,DOMESTIC
011166,CASK/BRICK RIVER CIDER,565263,DOMESTIC
011207,MOTHERS BREWING COMPANY/GRANT AVE,553123,DOMESTIC
011175,GAMER PACKAGING /PRAIRIE BREWING CO,557503,DOMESTIC
011283,DAIRY FARMERS OF AMERICA/CABOOL SHELTON,565870,DOMESTIC
011192,BATTLE BORN,559947,DOMESTIC
011220,PACIFIC METALS LIMITED,504701,DOMESTIC
011114,WILD ACRE BREWING,503898,
011221,BEVSOURCE/LUPULIN BREWING COMPANY,552260,DOMESTIC
011221,BEVSOURCE/LUPULIN BREWING COMPANY,582274,DOMESTIC
011121,WISCONSIN ALUMINUM FOUNDRY,498048,DOMESTIC
011121,WISCONSIN ALUMINUM FOUNDRY,497555,DOMESTIC
011123,WISPAK DYERSBURG,39386,
011139,YUKON BREW,540103,DOMESTIC
011142,ZIMMER SA DE CV,484447,
011144,ROSALES GONZALEZ OLIVER MAURICIO,565538,INTERNATIONAL
011146,OTHER HALF BREWING/SMITH STREET,535363,DOMESTIC
011149,ZUCKERMAN HONICKMAN/VICTORY PACKAGING,555102,DOMESTIC
011149,ZUCKERMAN HONICKMAN/VICTORY PACKAGING,567947,DOMESTIC
011152,26 DEGREE BREWING CO LLC,509544,DOMESTIC
011153,JDZ INC DBA ALE SMITH BREWING CO,501139,DOMESTIC
011154,BERLIN PACKAGING/BEARDED IRIS,533915,DOMESTIC
011155,DELTA BREWING CO/MOBILE ST,546433,DOMESTIC
011156,HOXIE GROUP/22 HUNDRED CELLARS,506061,DOMESTIC
011158,GASTOWN/STEAMWORKS BREWERY,555997,DOMESTIC
011161,ZUCKERMAN HONICKMAN/KALIL BOTTLING,551507,DOMESTIC
011163,ZUCKERMAN HONICKMAN/3D ENERGY-INTERMODAL,562222,DOMESTIC
011164,LENGTHWISE BREWING,555461,DOMESTIC
011165,BEVSOURCE/CERVECERIA CALIDAD,536008,DOMESTIC
011214,DV SPIRITS/LEVECKE CORPORATION,558418,DOMESTIC
011214,DV SPIRITS/LEVECKE CORPORATION,572439,DOMESTIC
011167,RGBEV S A DE C V,564711,INTERNATIONAL
011169,VICTORY PACKAGING/TRACY,558231,DOMESTIC
011171,CASK/THE GREAT LAKES COFFEE ROASTIN CO,556017,DOMESTIC
011173,CASK/MEHANA BREWING,557731,DOMESTIC
011176,VITAL PHARMACEUTICALS/KDP HOUSTON,564172,DOMESTIC
011177,CASK/APRCH LLC,559963,DOMESTIC
011179,EMR GOLD METAL RECYCLING ,508971,DOMESTIC
011180,ZUCKER HONICKMAN/REAL BEAUTY FOOD,567226,DOMESTIC
011181,PHUSION PROJECTS LLC /WAUNAKEE,563508,DOMESTIC
011182,FOUR CORNERS BREWING CO/ARLINGTON,565280,DOMESTIC
011183,BERLIN PACKAGING /DALLAS,530298,DOMESTIC
011184,BREWED BY FIRE LLC/TUCSON,562986,DOMESTIC
011185,BEVSOURCE/RIGHTWATER INC,562273,DOMESTIC
011186,MANANALU/BLUE MARBLE PRODUCTIONS,565351,DOMESTIC
011187,PALESTINA MORENO ANDRES,565554,INTERNATIONAL
011190,POSITIVE BEVERAGE SANTA ANA,564017,DOMESTIC
011191,OLD ABBEY ALES,495883,DOMESTIC
011194,ABLIS LLC STEVENSON,567752,DOMESTIC
011195,SAN BENITO FOODS,331902,DOMESTIC
011196,RESURGENCE BREWING,479390,DOMESTIC
011198,NEW HOLLAND BREWING CO/GREAT LAKES WHSE,545561,
011199,DPSG/VERNON,547250,DOMESTIC
011201,CASA BRASIL INC/INDEPENDENCE BREWING,564201,INTERNATIONAL
011202,WEST COAST CANNING,537318,DOMESTIC
011203,BLUE CAN WATER,512701,DOMESTIC
011205,CASK/TAMARACK JACKS HONEY AND MEADERY,565301,DOMESTIC
011208,CASK/AVANT-GARDE ARTISANS BRASSEURS,562741,INTERNATIONAL
011209,CASK/M SPECIAL,564842,DOMESTIC
011209,CASK/M SPECIAL,573124,DOMESTIC
011211,CASK/RIVERBEND BREWING,484050,DOMESTIC
011213,DAZBOG COFFEE COMPANY,559269,DOMESTIC
011215,ORORA PACKAGING SOLUTIONS/RB DWYER,543881,DOMESTIC
011216,FINESTKIND BREWING LLC,532761,DOMESTIC
011217,STORM PEAK BREWING COMPANY,559576,DOMESTIC
011218,JUAN ANTONIO RUIZ CALLEJO,564279,INTERNATIONAL
011222,K&K METAL RECYCLING ,514829,DOMESTIC
011223,SAXCO INTERNATIONAL/CONKLIN,566661,INTERNATIONAL
011224,MERIT ALUMINUM,529828,DOMESTIC
011225,CRAZY COWBOY/LIONS BREWING,518475,DOMESTIC
011226,BONEYARD ELXIR,564957,DOMESTIC
011227,CASK/VERGER HEMMINGFORD,555364,DOMESTIC
011228,CASK/FLORIDA KEYS BREWING CO,567883,DOMESTIC
011232,CASK/105 WEST BREWING COMPANY LLC,562661,DOMESTIC
011233,MANANTIALES PENAFIEL/TEHUACAN,509077,INTERNATIONAL
011236,BRANDFUSION/NATIONAL DRY LIMITED,555073,DOMESTIC
011237,CASK/STATE 48 BREWERY,567867,DOMESTIC
011240,OSKAR BLUES/LUCKY CLOVER PACKAGING SACRA,567980,DOMESTIC
011241,GASTOWN/STEAMWORKS RICHMOND,574055,DOMESTIC
011242,TALKINGRAIN BEVERAGE/PRESTON,541675,DOMESTIC
011244,SIX POINT CIDER/TWISP AIRPORT RD,558573,DOMESTIC
011246,HUMBLE SEA BREWING CO,561967,DOMESTIC
011248,AB RECYCLING/AB/BEREA,34121,DOMESTIC
011249,MANANTIALES PENAFIEL SA DE CV,497993,INTERNATIONAL
011250,CASK/BRAMPTON WHSE USD,31413,
011251,IBC/CHARLOTTE-PLANT,483831,
011252,CASK/FARMERY SHERWAY WAREHOUSE,492703,
011254,TABLE BLUFF BREWING DBA LOST COAST/WHSE,495963,
011255,STEEL TOE BREWING/WAREHOUSE,498161,
011255,STEEL TOE BREWING/WAREHOUSE,555268,
011256,HAWAIIAN OLA/WAREHOUSE,507670,
011257,STONE BREWING/WAREHOUSE,515311,
011258,FAR WEST BREW DBA FIELD WAREHOUSE,522482,
011272,FLYING TIGER BREWERY/MONROE,492543,DOMESTIC
011259,AVONDALE BREWING COMPANY/WHSE,529203,
011273,FABIAN OROZCO ROBLES,575082,DOMESTIC
011260,BERLIN PACKAGING/BIAGI WAREHOUSE - ONTARIO CA,531987,
011261,BERLIN/MEGA WAREHOUSE,531995,
011276,MARTIN HOUSE BREWING COMPANY,553406,DOMESTIC
011262,MILLERCOORS/TERRAPIN BEER-WAREHOUSE,541624,
011263,OCEAN SPRAY/KENOSHA PLANT,541827,
011264,DIAGEO/MIDWEST WAREHOUSE AND DISTRIB,544083,
011265,SAGE MIXOLOGY/BW WAREHOUSE,550491,
011266,TWEED INC/CONSUMABLES WAREHOUSE,553078,
011267,ROCKSTAR/AZPACK CANNING-WHSE,484826,
011268,QUEST BEVERAGES/EAGLE DRAYAGE & WHSE,557360,
011269,LAGUNITAS BREWING/PETALUMA ADOBE WHSE,555196,
011270,CCNA/ATLANTA BEVERAGE BASE PLANT,565458,
011271,ROCKSTAR/AZPACK FARMER WHSE,565909,
011284,BEV HUB / BOLD BREW COFFEE INC,539292,DOMESTIC
011288,MONSTER ENERGY/CARRIBBEAN BOTTLERS LTD,548885,INTERNATIONAL
011289,SAPUTO DAIRY FDS MURRAY USCS / MURRAY KY,68217602,
011290,BUSH BROTHERS/ DANDRIDGE TN,924202,
011291,KIK CUSTOM PRODUCTS,253804,
011292,DOW  CHEMICAL / WILMINGTON,24548403,
011293,BURNETTE FOODS NEW ERA,4264901,
011294,CRC INDUSTRIES INC / WARMINSTER PA,12817503,
011295,ABBOTT ALTAVISTA VA,5124305,
011296,SPRAY PAK INC / VAUGHN,80724103,
011297,ZIP KOMBUCHA LLC/ALASKA TRAFFIC COMPANY,538564,DOMESTIC
011298,BREWERY BHAVANA/SOUTH BLOODWORTH,553625,DOMESTIC
011299,NEIL JONES/VANCOUVER WA / VANCOUVER WA,3319003,
011300,CANTRIBE/LINCOLN,564084,DOMESTIC
011301,MIKKELLER BREWING/STELLA POLLY,574661,DOMESTIC
011302,MORENOS BEER SA DE CV,577432,INTERNATIONAL
011303,CERVECERA CYPREZ SA DE CV,577467,INTERNATIONAL
011304,KROS STRAIN BREWING,567453,DOMESTIC
011305,JONES SODA/LION BREWING,557600,DOMESTIC
011306,CASK/SILVER HARBOR BREWING,568173,DOMESTIC
011307,SAPUTO DAIRY FD/ULTRA USCS / DELHI NY,68217202,
011308,SPECTRUM BRAND (FORMERLY UNITED),15960001,
011309,TECHNICAL CHEMICAL C - CLEBURNE TX,84640002,
011310,PLAZE PACIFIC,67280009,
011311,CRIDER FOODS - STILLMORE GA,1456701,
011312,MERIDAN FOODS,3928402,
011313,HORMEL TUCKER,2824805,
011314,PLAZE ST CLAIR,67280003,
011315,RED GOLD ORESTES,4916803,
011316,CASK/SHUSWAP LAKE BREWING COMPANY,492640,DOMESTIC
011317,PBC/MESQUITE,30728,DOMESTIC
011318,CARIBBEAN DISTILLERS/WINTER HAVEN,495921,DOMESTIC
011319,BERLIN PACKAGING/HAZELWOOD,537465,DOMESTIC
011320,VNGR BEVERAGES LLC/BISHOP CIDER,573482,
011321,BERLIN PACKAGING/DAYTON BEER COMPANY,568253,DOMESTIC
011322,ROCK ART BREWERY LLC,575023,DOMESTIC
011323,LION BREWERY INC/PENNSYLVANIA,574389,DOMESTIC
011325,STRAIGHTAWAY,566645,
011326,BEVSOURCE/MEIERS BEVERAGE GROUP,560551,DOMESTIC
011329,CCBCC/PORTLAND,506108,DOMESTIC
011330,STONE BREWING/RICHMOND,512283,
011331,COKE HOLLYWOOD,32395,
011358,CASK/DRU BRU,575189,DOMESTIC
011359,WILCRAFT CAN LLC/MILWAUKEE,572447,DOMESTIC
011360,SLEEMAN/OKANAGAN SPGS/REFRESCO CALGARY,576106,INTERNATIONAL
011361,AMWAY_ACCESS BUSINESS GROUP/SPAULDING PL,576915,DOMESTIC
011362,VICTORY PACKAGING/COLUMBUS,568181,DOMESTIC
011363,CARIBBEAN DISTILLERS CO-AUB,100124,DOMESTIC
011364,CASK/EL SEGUNDO BREWING CO,563989,DOMESTIC
011365,DYNAMITE BREWING LLC DBA SHORT FUSE BREW,520241,DOMESTIC
011366,CANN/EPIC BROS ENTERPRISES,576739,DOMESTIC
011367,ZEVIA LLC/ACME DISTRIBUTION,578283,DOMESTIC
011368,STEPHEN GOULD CORPORATION/COLUMBUS BREW,577723,DOMESTIC
011369,NEW PROVINCE BREWING CO,505771,DOMESTIC
011370,CASK/MARSHALL BREWING,572455,DOMESTIC
011371,PROXIMO DISTILLERS LLC/REFRESCO,576114,DOMESTIC
011372,BERLIN PACKAGING/BIG STORM BREWERY LLC,536770,DOMESTIC
011373,CASK/BRASSEURS DU MONDE,485909,INTERNATIONAL
011374,JORDAN MANUFACTURING,368825,DOMESTIC
011375,CCGL/NILES,579817,DOMESTIC
011376,CENTRAL CITY BREWERS & DISTILLER/TIMAX,575980,DOMESTIC
011377,ANCHORAGE BREWING LLC - 509991,509991,DOMESTIC
011378,MILLERCOORS/MILLER/CITY BREWING,40942,
011379,REIGN WATER CO/TIGER,574995,
011380,GLANBIA PERFORMANCE NUTRITION/AZPACK,579075,
011381,JEDO HOLDINGS LLC DBA NORTHSTAR/NABER AV,572720,
011382,SAXCO INTERNATIONAL/PORTSMOUTH,529941,
011383,CASK/FARMSTRONG BREWING CO,572261,
011384,PIGEON HILL BREWING COMPANY,555436,
011385,CASK/ALLEY KAT BREWING COMPANY,567832,
011386,BEVSOURCE/REFRESCO CANADA INC,568288,
011387,HUBBUB BREWING LLC SOULCRAFT BREWING,575306,
011388,DETROIT RIVERTON BREW CO/ABBOTT,266141,
011389,NOCA BEVERAGES/CRAFTPACK LLC,557036,
011390,CASK/WILD ACRE,578591,
011391,JERSEY CIDER WORKS/LEBANON,534248,
011392,CASK/DEVILS FOOT BEVERAGE,575197,
011393,A TO Z WINEWORKS/NEWBERG,576958,
011394,GRUPO CANNERIA S DE RL DE CV,542045,
011395,FRANCISCO JAVIER CADENA SOLIS,582119,
011396,CASK/WIBBY BREWING,575752,
011397,MAIN STREET BEV DBA WALLABY BEV/LEHRKIND,560542,
011398,CASK/MEDICINE HAT BREWING,499972,
011399,ARIZONA BEVERAGE/D'ANGELO,40977,
011400,PBC/SACRAMENTO/PFLUG PACKAGING & FULFILL,581044,
011401,BELCHING BEAVER BREWERY INC,550221,
011402,LANGER JUICE COMPANY/SONOMA BEVERAGE,581204,
011403,BEV ASSOC/EVANSVILLE,38068,
011404,CASK/GRUNER BROTHERS BREWING,579868,
011405,BLINDMAN BREWING INC,514600,
011406,FLYING DOG BREWERY/FLYING DOG AT YARDS,577918,
011407,SLEEMAN/WILD ROSE BREWERY LTD,581327,
011408,TALKINGRAIN/KRIER FOODS,549001,
011409,ARTISAN BREWERS LLC/TWO ROAD BREWING,549992,
011409,ARTISAN BREWERS LLC/TWO ROAD BREWING,549984,
011410,HOUSE BREWING/5 LOGISTICS,583568,
011411,SLEEMAN/ANCHOR BREWING SAN FRANCISCO,576907,
011412,DIXIE CANNER/CANTRIBE MOUNTAINSIDE,579518,
011413,CERVECERIA INSURGENTE SA DE CV,578689,
011414,BEVSOURCE/LUCKY CLOVER PACKAGING-BALTIMO,581280,
011415,LBC PRODUCTS/KALIL,567445,
011416,WINE SOCIETY/BIN TO BOTTLE,527996,
011417,ARIZONA BEVERAGES/PRIORITY 1 WHSE,498380,
011418,INDUSTRIAL RECYCLING SERVICES,522394,
011419,CCR/RICHMOND-REFRESCO-SURREY,535048,
011420,ENTENTE SPIRITS LLC/BUCHANAN,565132,
011421,GENERAL PAPER PRODUCTS/THURSTON,496051,
011422,ZUCKERMAN HONICKMAN/SYCAMORE BREWING LLC,578620,
011423,GLANBIA PERFORMANCE NUTRI/AZPACK FARMER,579067,
011424,KING AND CONVICTS BP LLC,583672,
011425,INGRID LIZZETH HERNANDEZ PEREZ,583681,
011426,TIVOLI BREWING CO/SLEEPING GIANT BREWING,579585,
011427,CASK/BENCH BREWING-VORTEX,582434,
011428,YOUNG LION BREWING CO/LEONARDS EXPRESS,582282,
011429,CHELIOS: MALTAS E INSUMOS CERVECEROS S A,585109,
011430,CASK/BURNING BROTHERS BREWING,312274,
011431,COPPER KETTLE BREWING CO/VALENTIA ST,458038,
011432,CASK/PIGEON HEAD BREWING,501411,
011433,BERLIN PACKAGING/BOWLING GREEN,580543,
011434,CASK/KULSHAN BREWING,567875,
011435,KT MURRAY DBA LAND & SEA/BACK PEW BREWIN,580834,
011436,CASK/TIGER SHARK GINGER BEER,579091,
011437,AKYRON INDUSTRIES DBA SYNAPSE/NVE PHARMA,579534,
011438,CASK/CROOKED PECKER BREWING COMPANY LLC,559955,
011439,VNGR BEVERAGES LLC/PACKIN TRACK,577264,
011440,CASK/SWILLED DOG HARD CIDER,575373,
011441,LABATT/LA SALLE QUEBEC/HALIFAX,587788,
011442,CASK/OLD 99 BREWING CO_WINSTON,585563,
011443,CERVECERIA BAJAMURI/TIJUANA,586048,
011444,WEST COAST CONTAINER/GILGAMESH BREWING,563612,
011445,BREW CAPITAL,585951,
011446,TRUSS LIMITED PARTNERSHIP/CO HEXO,558451,
011447,FLO WATER/CUSTOM FREIGHT,583963,
011448,SUNSHINE ST MEADERY DBA CIGAR CITY/LARGO,585230,
011449,CRAFT BREWERS ALLIANCE/FULCRUM LOGISTICS,585192,
011450,PROST BREWING COMPANY/RED TRUCK,579809,
011451,DIXIE CANNER/SAXCO INTL-KELLY POINT,532226,
011452,SAXCO/ATHLETIC BREWING,582389,
011453,SAXCO/ALLEN DISTRIBUTION,535494,
011454,CASK/GIBBONS APRES LAGER LTD,565917,
011455,BOISE RIVER CANNING/BOISE,578486,
011456,PBC/TULSA,30681,
011457,DIXIE CANNER/CANTRIBE CENTRAL FL REPACK,585897,
011458,PBC/ST LOUIS,587518,
011459,CASK/WISEACRE BREWING-MEMPHIS,583550,
011460,CCR/HOUSTON - GULFGATE,32483,
011461,STUMPTOWN COFFEE ROASTERS/PORTLAND,522386,
011462,GAMER PACKAGING/BLACK EYE ROASTING,507258,
011463,PHI DRINKS/AZPACK,584878,
011464,NEW IMAGE BREWING/WHEATRIDGE,562759,
011465,CENTRAL VALLEY CRAFT BEER/BROADWAY ST,579139,
011466,CASK/COUNTRY HERITAGE WINERY,573263,
011467,LICENSE TO YILL LEVEL BEER/RELAY RESOURC,584157,
011468,BACCARY BREWING/FLAVOR TOWN,585774,
011469,NOMADICA/SANTA MONICA FARMS,583541,
011470,BOULEVARD BREWING/COLD SPRING ,444752,
011471,DONATO SALDIVAR MONTEMAYOR,588828,
011472,BATTLE & ASSOCIATES/VON TRAPP BREWING,579551,
011473,CASK/CIDER CREEK HARD CIDER,583699,
011474,STRATFORD BREWING CO,572210,
011475,WALTER BREWING COMPANY/TR TOPPERS,582451,
011476,BSG CANADA/GUELPH,586443,
011477,CERVECERIA CRAZY MOON,586953,
011478,DIXIE CANNER/SAXCO-PORTSMOUTH,560631,
011479,DIXIE CANNER/SAXCO INTL-SQUARE PEG,532234,
011480,BERLIN PACKAGING/BOLINGBROOK,535873,
011481,HEALTH-ADE KOMBUCHA LLC/WISCONSIN BREWER,584237,
011482,CANOPY GROWTH USA/TRADE-SAN DIEGO,565845,
011483,MONSTER ENERGY/CLACKAMAS,586339,
011484,BREW HUB/THE BRUERY,587884,
011485,PBC/PISCATAWAY,590080,
011486,ALASKAN BREWERY/SEATTLE,563014,
011487,PBC/ALBANY,590071,
011488,COMMON CIDER COMPANY/LUCKY CLOVER PACKAG,586881,
011489,CASK/ROUGHTAIL BREWING CO,584923,
011490,BOSTON BEER/REFRESCO CALGARY,590194,
011491,SAZERAC/REFRESCO-GREENDALE,577934,
011492,PEPSI COLA COMPANY TULSA,30736,
011493,CAMBRIDGE BREWING/WACHUSETT_DANIELS ST,582240,
011494,CASK/PLAYALINDA BREWING COMPANY,586857,
011495,CASK/OUTER RANGE BREWING,585651,
011496,BIG BRANDS INTL/CROWN VALLEY WINERY,579876,
011497,FORBIDDEN FRUIT CIDERHOUSE DBA 2 TOWNS,534192,
011498,CASK/EAST END BREWING,470221,
011499,FIRST RATE BREWERS DBA BARROW BRW/ROYAL,504604,
011500,BEVSOURCE/WATERLOO BREWING,584894,
011501,GLANBIA PERFORMANCE NUTRITION/KRIER FOOD,587913,
011502,STRUCTURES BREWING,586566,
011503,BREW GENTLEMEN,550395,
011504,BEVSOURCE/ABITA BREWING COMPANY,572738,
011505,CASK/FAMILY BUSINESS BEER CO,568165,
011506,CULTURE CLUB LLC,584077,
011507,PBC/DETROIT,30859,
011508,RED LODGE ALES BREWING/NORTH BROADWAY,536585,
011509,CERVECERIA BIDELBERG,591613,
011510,PLATINUM INC DBA MARQUIS/WISCONSIN BREWI,583875,
011511,BEVSOURCE/LUCKY CLOVER PACKAGING-SACRAME,581124,
011512,CASK/OAKSHIRE BREWING,586865,
011513,NURISH BRANDS INC/CANTON,548228,
011514,DIXIE CANNER/CROOKED GOAT BREWING,589142,
011515,DIXIE CANNER/BATTLE & ASSOCIATES,589185,
011516,MOLSON/TORONTO,590231,
011517,GORDON BIERSCH BREWING COMPANY,553238,
011518,CASK/DRAM APOTHECARY-ELEVATION BEER CO,585521,
011519,MPL BRANDS INC/TGR LOGISTICS,591963,
011520,PL DISTRIBUTION/LONDON,581301,
011521,CASK/POMDIAL INC,573167,
011522,ANXO CIDER/MAURY ST,579614,
011523,RESIDENT CULTURE BREWING CO\CHARLOTTE,586355,
011524,CASK/LA VOIE MALTEE,581052,
011525,UBERBREW/BAKER TRANSFER AND STORAGE,592325,
011526,CASK/PRAIRIE BERRY LLC,584886,
011527,BEVSOURCE/AUSTIN EASTCIDERS,590223,
011528,BOSTON BEER/DOGFISH HEAD,563170,
011529,VITAL PHARMACEUTICALS/PORTLAND BOTTLING,529967,
011530,DTRS ENTERPRISES/CRAFT CANNING,590910,
011531,DIXIE CANNER/LEWIS LOGISTICS_CAN TRIBE,589151,
011532,GABRIELA FISCAL GUTIERREZ,592819,
011533,BALL BEVERAGE PKG/FOSIE AB,592077,
011534,MERIT ALUMINUM/ALUMINATI_2440,581811,
011535,TALKINGRAIN BEVERAGE/PREMIER PACKAGING,584165,
011536,LUIS ENRIQUE QUINTERO NUNGARAY,593475,
011537,VUKA LLC/TROPICAL BOTTLING CO,586064,
011538,BEVSOURCE/RIVER HORSE BREWING COMPANY,587892,
011539,PUNTA DELICIA SA DE CV,592499,
011540,GP HOLDINGS LLC DBA GROWPACKER,543232,
011541,BSG CANADA/BSG - WEST WARWICK,590240,
011542,CASK/GEORGETOWN BREWING CO,588334,
011543,CERVECERIA CUAUHTEMOC MOCTEZUMA/ORIZABA,497854,
011544,PAC PARTNERS DBA SPITEFUL BREW/BALMORAL,512786,
011545,BSG CANADA/BSG OCEANSIDE,590266,
011546,ENVASES UNIVERSALES/RAINFOREST WATER RFW,592317,
011547,SCOUT & CELLAR,559672,
011548,PABST BREWING/OASIS TEXAS BREWING CO,575074,
011549,BERLIN PACKAGING/ONTARIO,533851,
011550,LATITUDE 42 BREWING/BEV WRAP,514651,
011551,AB/FT COLLINS,30200,
011552,AB/HOUSTON,30251,
011553,AB/BALDWINSVILLE,30331,
011554,AB/VAN NUYS,233390,
011555,AB/ST LOUIS,30277,
011556,AB/FAIRFIELD,191206,
011557,AB/WILLIAMSBURG/GOOSE ISLAND,577731,
011558,CONSTELLATION BRANDS/CANSOURCE,583576,
011559,BEVSOURCE/FAST TRACK PACKAGING KELOWNA,589089,
011560,VUE DRINK/MILLCROFT FARMS,589409,
011561,UPSLOPE BREWING COMPANY/SLEEPING GIANT,593951,
011562,COCA COLA BALTIMORE/CANDLEWOOD,592253,
011563,MAZAMA BREWING COMPANY LLC,559568,
011564,CASK/GRANDE PRAIRIE BREWING,478506,
011565,ACCESS BUSINESS GROUP,562644,
011566,BOSTON BEER/AZ PACK,595382,
011567,COCA COLA BALTIMORE/PRESTON GATEWAY,592270,
011568,WILCRAFT CAN LLC/FRANKLIN,591867,
011569,SAXCO INTERNATIONAL/ZION PACKAGING,591939,
011570,CASK/HIGHERGROUND BREWING,589126,
011571,VNGR BEVERAGES LLC/RB DWYER,592229,
011572,THROWBACK BREWERY LLC,502182,
011573,ARIZONA BEVERAGE/FLORIDA NATURAL GROWERS,500195,
011574,SAXCO/GRIMES,535486,
011575,SAXCO INTERNATIONAL/ALLEN DIST_FT WORTH,592190,
011576,CASK/LEGAL REMEDY BREWING,588326,
011577,REUBEN'S BREWS/NW BEVERAGE KENT,533350,
011578,INDEPENDENCE BREWING/AUSTIN,579745,
011579,BROUE ALLIANCE/LASALLE,596001,
011580,MIGUEL ANDRES PEREDA CRISTERNA,592958,
011581,DEWMAR INTERNATIONAL/TROPICAL BOTTLING,562679,
011582,MAPLEWOOD BEVERAGE PACKERS LLC,247898,
011583,EL SEGUNDO BREWING COMPANY LLC,591875,
011584,CASK/JUNE LAKE BREWING,592202,
011585,PLASTIC REPAIR SYSTEM MEXICO SA DE CV,589097,
011586,CASK/WARFIELD BREWING COMPANY,562724,
011587,CASK/THE ROASTERIE INC,565466,
011588,PABST BREWING CO/AVERITT EXPRESS,591437,
011589,Q TONIC DBA Q DRINKS/NORWALK BEVERAGE,591912,
011590,LABATT/ARCHIBALD-CIDRERIE ARISTA,552411,
011591,ALASKA GLACIER PRODUCTS LLC,567664,
011592,SLEEMAN/UNIBROUE CHAMBLY,579665,
011593,LIVING THE DREAM BREWING COMPANY,594363,
011594,CASK/BLACK APPLE CROSSING,572105,
011595,MIDWEST-HEALTH/BEV-HUB/MANHATTAN,574012,
011596,BATTLE & ASSOCIATES/CARTERSVILLE,559971,
011597,CONSTELLATION BRANDS/CASTORO CELLARS,598225,
011598,SAXCO/ALLEN DISTRIBUTION ONTARIO,587569,
011599,BLUE MARBLE COCKTAILS /BLUE MARBLE GEORGETOWN RD,595374,
011600,CASK/BROKEN BOW BREWING,325235,
011601,VICTORY PACKAGING/FORT MILL,590590,
011602,BLACK BEER LLC DBA THE GROWLER GUYS,589548,
011603,CASK/SHADES OF PALE BREWING CO,594371,
011604,ALASKA PACIFIC BEV DBA 49TH STATE BREW,538636,
011605,BREAKSIDE BREWERY,541587,
011606,ORORA PACKAGING SOLUTIONS/MARIETTA,543371,
011607,ZUCKERMAN HONICKMAN/BATTLE AND ASSOCIATE,590282,
011608,BEVSOURCE/LEVECKE,586662,
011609,JESUS ALBERTO CELAYA ROJAS,592481,
011610,SW-TMSI-WINDSOR,221,
011611,STC WAREHOUSE INC.,526,
011612,FILLER ID NEEDED - #411,411,
011613,GOLDEN TABLE MOUNTAIN WAREHOUSE,219,
011614,W2-GLOBAL WAREHOUSE,405,
011615,BMBMH MONTERREY,132,
011616,S4-SARATOGA WAREHOUSE ASSOCIATES,206,
011617,BMBCC GOLDEN,151,
011618,BMBCC WILLIAMSBURG,152,
011619,CROWN CORK & SEAL/KANKAKEE PLANT,530941,
011620,ORBIS - WINSTON,531,
011621,NORTH COLUMBUS WHSE C/O NDC,328,
011622,BMBCC MONTICELLO,192,
011623,BCLLC ROME,172,
011624,ORBIS - BISHOPVILLE,532,
011625,BMBCC FORT WORTH,194,
011626,BMBCC FINDLAY BEV,153,
011627,BMBCC TAMPA,157,
011628,BCLLC FORT ATKINSON,171,
011629,NDC EVERMAN PKWY -FT WORTH /CTPS,257,
011630,ORBIS RPM OLIVE BRANCH MS,637,
011631,BMBCC SARATOGA SPRINGS,155,
011632,TALKINGRAIN/CEDAR VALLEY WAREHOUSING,575365,
011633,BOSTON BEER/ NEU LOGISTIC WHSE,248794,
011635,BOSTON BEER/LIBERTY WAREHOUSE,582291,
011636,MOISES VILLANUEVA HERNANDEZ,599762,
011637,ACCESS BUSINESS GROUP/REFRESCO,576034,
011638,HIDDEN WATER LLC/CRAFT BEER CREW,595868,
011639,TEMBLOR BREWING COMPANY,483701,
011640,WARROOM VENTURES/VARNI BROTHERS,533106,
011641,BREWERS SUPPLY GROUP INC/OCEANSIDE,590012,
011642,ADRIAN CAMPUZANO RIVAS,598604,
011643,FERMENTED SCIENCES II/GOLF COURSE DRIVE,591921,
011644,J TRINIDAD VALADEZ GUTIERREZ,599105,
011645,CASK/IPSWICH ALE BREWERY,555840,
011646,CALIDAD BEER/SLEEPING GIANT BREWING CO,581351,
011647,CASK/FAR FROM THE TREE LLC,582442,
011648,BEVSOURCE/WISCONSIN BREWING,585432,
011649,MARK ANTHONY/GLENDALE,588027,
011650,COLLEGE STREET BREWHOUSE,592173,
011651,RED DOOR BREWING CO,590864,
011652,AMERICAN CANNING LLC/AUSTIN-BURLESON,594726,
011653,EAU CLAIRE BREWING PROJECT/OXFORD AVE,594961,
011654,BONEYARD BEER LLC,517595,
011655,XOLUTION INC/CZECH,519857,
011656,VICTORY PACKAGING/CLEVELAND,560198,
011657,CASK/BEND BREWING COMPANY,584860,
011658,CASK/NOBL BEVERAGES,590186,
011659,CINCINNATI BEVERAGE/CITY BREWING LATROBE,590451,
011660,GAMER PACKAGING/CHILDS LOGISTICS,593969,
011661,STOUP BREWING/SEATTLE,595331,
011662,MPL BRANDS INC/TGR LOGISTICS GRESHAM,597880,
011663,AB/NEWARK/NFI WH,599519,
011664,JORGE SALGADO PINTOR,601746,
011665,MIA BREWING CO,480796,
011666,VICE CANNING INC/AURORA,551030,
011667,MILLERCOORS/CLEARLY KOMBUCHA,577441,
011668,CONSTELLATION BRANDS/WOODBRIDGE ACAMPO,591752,
011669,WEB COMMERCE PARTNERS,592245,
011670,VNGR BEVERAGES LLC/IDEAL SLEEVES,595497,
011671,CASK/COMMONWEALTH BREWING COMPANY LLC,595673,
011672,BOLD ROCK PARTNERS LP/BREVARD,597855,
011673,GAMER PACKAGING/OTHER HALF BREWING,597871,
011673,GAMER PACKAGING/OTHER HALF BREWING,597919,
011674,NIGHT SHIFT BREWING/ISLE BREWERS GUILD,599498,
011675,CIDRERIE DU MINOT,520639,
011676,ABV/BOLD ROCK HARD CIDER/ROSEMAN,588481,
011677,CASK/JOLI-ROUGE LTD,594339,
011678,FLORIDA BREWERY INC/BREW THEORY,595649,
011679,WHITE HORSE DBA FICKS &CO/GORDON BIERSCH,597951,
011680,OPERADORA DE ALIMENTOS SERVICIOS MASAGO,599834,
011681,FLETERIAS SA DE CV,600006,
011682,REBOUND NUTRACEUTICALS/THEO&OPPENHEIMER,601640,
